https://fbref.com/en/players/5bc43860/Brenden-Aaronson,120230001,Brenden Aaronson,USA,MF,Leeds United,21,36,28,2372,26.4,1,3,0,0,2,0,3.9,3.9,4.2,43,86,151
https://fbref.com/en/players/56628958/George-Abbott,120230002,George Abbott,ENG,MF,Tottenham,16,1,0,1,0.0,0,0,0,0,0,0,0.0,0.0,0.0,0,0,0
https://fbref.com/en/players/f2bf1b0f/Che-Adams,120230003,Che Adams,SCO,FW,Southampton,26,28,23,1992,22.1,5,3,0,0,1,0,6.7,6.7,2.8,17,34,115
https://fbref.com/en/players/2b09d998/Tyler-Adams,120230004,Tyler Adams,USA,MF,Leeds United,23,24,24,2156,24.0,0,0,0,0,6,1,0.1,0.1,1.4,19,136,20
https://fbref.com/en/players/c81d773d/Tosin-Adarabioyo,120230005,Tosin Adarabioyo,ENG,DF,Fulham,24,25,23,2085,23.2,1,0,0,0,4,0,0.7,0.7,0.4,16,95,3
https://fbref.com/en/players/288e1e13/Nayef-Aguerd,120230006,Nayef Aguerd,MAR,DF,West Ham,26,18,17,1595,17.7,2,0,0,0,4,0,2.2,2.2,0.5,2,25,4
https://fbref.com/en/players/a6c58494/Naouirou-Ahamada,120230007,Naouirou Ahamada,FRA,MF,Crystal Palace,20,8,0,94,1.0,0,0,0,0,1,0,0.2,0.2,0.1,1,2,11
https://fbref.com/en/players/9b398aea/Rayan-Ait-Nouri,120230008,Rayan A?t-Nouri,ALG,DF,Wolves,21,21,9,1076,12.0,1,0,0,0,4,0,0.7,0.7,1.0,30,43,76
https://fbref.com/en/players/a8c0acb7/Kristoffer-Ajer,120230009,Kristoffer Ajer,NOR,DF,Brentford,24,9,9,763,8.5,0,0,0,0,0,0,0.0,0.0,0.0,10,31,12
https://fbref.com/en/players/89ac64a6/Manuel-Akanji,120230010,Manuel Akanji,SUI,DF,Manchester City,27,29,24,2287,25.4,0,1,0,0,2,0,1.3,1.3,0.4,24,116,17
https://fbref.com/en/players/eaeca114/Nathan-Ake,120230011,Nathan Ak?,NED,DF,Manchester City,27,26,22,1873,20.8,1,0,0,0,2,0,1.6,1.6,0.7,25,140,30
https://fbref.com/en/players/b827d5b3/Marc-Albrighton,120230012,Marc Albrighton,ENG,FW,Leicester City,32,6,1,237,2.6,1,0,0,0,0,0,0.3,0.3,0.9,4,7,18
https://fbref.com/en/players/77e84962/Thiago-Alcantara,120230013,Thiago Alc?ntara,ESP,MF,Liverpool,31,18,14,1254,13.9,0,0,0,0,2,0,0.4,0.4,1.1,13,120,24
https://fbref.com/en/players/4abac767/Carlos-Alcaraz,120230014,Carlos Alcaraz,ARG,MF,Southampton,19,18,13,1029,11.4,4,2,0,0,3,0,1.9,1.9,0.7,20,28,32
https://fbref.com/en/players/cd1acf9d/Trent-Alexander-Arnold,120230015,Trent Alexander-Arnold,ENG,DF,Liverpool,23,37,34,2923,32.5,2,9,0,0,5,0,2.4,2.4,11.5,43,235,139
https://fbref.com/en/players/7a2e46a8/Alisson,120230016,Alisson,BRA,GK,Liverpool,29,37,37,3330,37.0,0,1,0,0,1,0,0.0,0.0,0.3,0,3,0
https://fbref.com/en/players/cea4ee8f/Dele-Alli,120230017,Dele Alli,ENG,MF,Everton,26,2,0,40,0.4,0,0,0,0,0,0,0.0,0.0,0.0,0,1,1
https://fbref.com/en/players/862a1c15/Miguel-Almiron,120230018,Miguel Almir?n,PAR,FW,Newcastle Utd,28,34,29,2491,27.7,11,2,0,0,2,0,8.0,8.0,3.2,77,124,264
https://fbref.com/en/players/15ab5a2b/Julian-Alvarez,120230019,Juli?n ?lvarez,ARG,FW,Manchester City,22,31,13,1465,16.3,9,0,1,1,0,0,7.0,6.2,1.8,38,37,99
https://fbref.com/en/players/1a4ef233/Daniel-Amartey,120230020,Daniel Amartey,GHA,DF,Leicester City,27,20,18,1610,17.9,0,0,0,0,1,0,1.1,1.1,0.5,23,66,5
https://fbref.com/en/players/9eedf0e0/Samuel-Amo-Ameyaw,120230021,Samuel Amo-Ameyaw,ENG,MF,Southampton,16,1,0,4,0.0,0,0,0,0,0,0,0.0,0.0,0.0,2,1,0
https://fbref.com/en/players/e34fc66d/Joachim-Andersen,120230022,Joachim Andersen,DEN,DF,Crystal Palace,26,32,32,2782,30.9,1,0,0,0,8,0,1.8,1.8,1.3,16,105,7
https://fbref.com/en/players/de31038e/Elliot-Anderson,120230023,Elliot Anderson,ENG,MF,Newcastle Utd,19,22,3,410,4.6,0,1,0,0,0,0,1.0,1.0,1.3,23,24,35
https://fbref.com/en/players/e4238fb1/Jaidon-Anthony,120230024,Jaidon Anthony,ENG,MF,Bournemouth,22,30,11,1257,14.0,3,1,0,0,2,0,2.2,2.2,1.0,31,49,72
https://fbref.com/en/players/ac05f970/Michail-Antonio,120230025,Michail Antonio,JAM,FW,West Ham,32,33,21,1829,20.3,5,3,0,0,2,0,6.6,6.6,1.3,49,27,120
https://fbref.com/en/players/99127249/Antony,120230026,Antony,BRA,FW,Manchester Utd,22,25,23,1802,20.0,4,2,0,0,5,0,6.6,6.6,2.9,95,74,168
https://fbref.com/en/players/05e8ca6d/Cameron-Archer,120230027,Cameron Archer,ENG,FW,Aston Villa,21,6,0,49,0.5,0,0,0,0,0,0,0.0,0.0,0.0,3,0,3
https://fbref.com/en/players/2f965a72/Alphonse-Areola,120230028,Alphonse Areola,FRA,GK,West Ham,29,5,2,309,3.4,0,0,0,0,0,0,0.0,0.0,0.0,0,0,0
https://fbref.com/en/players/328f7d51/Joe-Aribo,120230029,Joe Aribo,NGA,MF,Southampton,26,21,13,1224,13.6,2,0,0,0,2,0,1.5,1.5,0.8,19,39,64
https://fbref.com/en/players/68c720b5/Adam-Armstrong,120230030,Adam Armstrong,ENG,FW,Southampton,25,30,14,1335,14.8,2,1,0,0,2,0,2.1,2.1,1.3,39,16,70
https://fbref.com/en/players/97333cf5/Stuart-Armstrong,120230031,Stuart Armstrong,SCO,MF,Southampton,30,32,14,1408,15.6,2,1,0,0,6,0,2.4,2.4,2.2,61,75,88
https://fbref.com/en/players/28d596a0/Kepa-Arrizabalaga,120230032,Kepa Arrizabalaga,ESP,GK,Chelsea,27,29,29,2565,28.5,0,0,0,0,1,0,0.0,0.0,0.0,0,0,0
https://fbref.com/en/players/d5dd5f1f/Pierre-Emerick-Aubameyang,120230033,Pierre-Emerick Aubameyang,GAB,FW,Chelsea,33,15,5,554,6.2,1,0,0,0,1,0,1.5,1.5,0.4,9,3,29
https://fbref.com/en/players/9fec8860/Ludwig-Augustinsson,120230034,Ludwig Augustinsson,SWE,DF,Aston Villa,28,3,1,77,0.9,0,0,0,0,1,0,0.1,0.1,0.0,0,0,3
https://fbref.com/en/players/5c2b4f07/Serge-Aurier,120230035,Serge Aurier,CIV,DF,Nott'ham Forest,29,24,22,1943,21.6,1,0,0,0,2,0,0.8,0.8,1.0,37,71,50
https://fbref.com/en/players/e5478b87/Taiwo-Awoniyi,120230036,Taiwo Awoniyi,NGA,FW,Nott'ham Forest,24,27,17,1404,15.6,10,1,0,0,2,0,6.6,6.6,1.1,18,12,55
https://fbref.com/en/players/f173303a/Yasin-Ayari,120230037,Yasin Ayari,SWE,MF,Brighton,18,3,1,67,0.7,0,0,0,0,0,0,0.0,0.0,0.1,0,2,2
https://fbref.com/en/players/5dbefa9d/Andre-Ayew,120230038,Andr? Ayew,GHA,FW,Nott'ham Forest,32,13,1,316,3.5,0,0,0,1,1,0,1.0,0.3,0.0,3,11,16
https://fbref.com/en/players/da052c14/Jordan-Ayew,120230039,Jordan Ayew,GHA,FW,Crystal Palace,30,38,31,2714,30.2,4,3,0,0,5,0,3.2,3.2,3.2,83,63,174
https://fbref.com/en/players/420d7c7d/Luke-Ayling,120230040,Luke Ayling,ENG,DF,Leeds United,30,29,22,2054,22.8,2,1,0,0,3,0,3.2,3.2,2.0,28,77,100
https://fbref.com/en/players/53cad200/Cesar-Azpilicueta,120230041,C?sar Azpilicueta,ESP,DF,Chelsea,32,25,16,1527,17.0,0,0,0,0,3,0,0.4,0.4,1.1,23,71,81
https://fbref.com/en/players/06df8256/Benoit-Badiashile,120230042,Beno?t Badiashile,FRA,DF,Chelsea,21,11,10,905,10.1,1,0,0,0,2,0,1.2,1.2,0.5,11,56,2
https://fbref.com/en/players/3a233281/Leon-Bailey,120230043,Leon Bailey,JAM,FW,Aston Villa,24,33,26,1967,21.9,4,4,0,0,4,0,5.3,5.3,4.8,85,28,182
https://fbref.com/en/players/32e8417f/Stefan-Bajcetic,120230044,Stefan Bajcetic,ESP,MF,Liverpool,17,11,6,526,5.8,1,0,0,0,2,0,0.8,0.8,0.4,10,24,1
https://fbref.com/en/players/ed8d597c/Dominic-Ballard,120230045,Dominic Ballard,ENG,FW,Southampton,17,2,0,26,0.3,0,0,0,0,0,0,0.0,0.0,0.0,1,0,1
https://fbref.com/en/players/93feac6e/Patrick-Bamford,120230046,Patrick Bamford,ENG,FW,Leeds United,28,28,18,1515,16.8,4,2,0,2,3,0,8.5,6.9,1.0,17,23,96
https://fbref.com/en/players/2886c9b5/Shandon-Baptiste,120230047,Shandon Baptiste,GRN,MF,Brentford,24,23,4,618,6.9,0,1,0,0,3,1,0.4,0.4,1.1,8,39,23
https://fbref.com/en/players/3ea50f67/Harvey-Barnes,120230048,Harvey Barnes,ENG,FW,Leicester City,24,34,32,2711,30.1,13,1,0,0,3,0,8.9,8.9,3.1,100,79,257
https://fbref.com/en/players/c91441dc/Gavin-Bazunu,120230049,Gavin Bazunu,IRL,GK,Southampton,20,32,32,2880,32.0,0,0,0,0,0,0,0.0,0.0,0.1,0,1,0
https://fbref.com/en/players/30db8574/Mads-Bech-Sorensen,120230050,Mads Bech S?rensen,DEN,DF,Brentford,23,4,0,21,0.2,0,0,0,0,0,0,0.0,0.0,0.0,0,1,0
https://fbref.com/en/players/4115ce4e/Jan-Bednarek,120230051,Jan Bednarek,POL,DF,Southampton,26,20,20,1672,18.6,0,0,0,0,5,0,0.4,0.4,0.1,8,45,2
https://fbref.com/en/players/4115ce4e/Jan-Bednarek,120230052,Jan Bednarek1,POL,DF,Aston Villa,26,3,1,100,1.1,0,0,0,0,0,0,0.0,0.0,0.0,1,5,0
https://fbref.com/en/players/50dc94ce/Donny-van-de-Beek,120230053,Donny van de Beek,NED,MF,Manchester Utd,25,7,2,167,1.9,0,0,0,0,0,0,0.1,0.1,0.1,2,6,20
https://fbref.com/en/players/7b4de647/Asmir-Begovic,120230054,Asmir Begovi?,BIH,GK,Everton,35,1,1,90,1.0,0,0,0,0,0,0,0.0,0.0,0.0,0,0,0
https://fbref.com/en/players/a39d11bc/Armel-Bella-Kotchap,120230055,Armel Bella Kotchap,GER,DF,Southampton,20,24,24,1879,20.9,0,2,0,0,4,0,1.0,1.0,1.0,9,39,2
https://fbref.com/en/players/5a04fd92/Said-Benrahma,120230056,Sa?d Benrahma,ALG,FW,West Ham,26,35,22,2069,23.0,6,3,4,4,0,0,7.0,3.9,4.5,109,82,237
https://fbref.com/en/players/3b8674e6/Rodrigo-Bentancur,120230057,Rodrigo Bentancur,URU,MF,Tottenham,25,18,17,1500,16.7,5,2,0,0,8,0,2.2,2.2,0.8,26,76,19
https://fbref.com/en/players/68db6358/Daniel-Bentley,120230058,Daniel Bentley,ENG,GK,Wolves,29,2,2,180,2.0,0,0,0,0,0,0,0.0,0.0,0.0,0,0,0
https://fbref.com/en/players/505486d6/Victor-Bernth-Kristiansen,120230059,Victor Bernth Kristiansen,DEN,DF,Leicester City,19,12,11,892,9.9,0,1,0,0,2,0,0.1,0.1,0.8,17,31,24
https://fbref.com/en/players/87966294/Owen-Bevan,120230060,Owen Bevan,WAL,DF,Bournemouth,18,1,0,9,0.1,0,0,0,0,0,0,0.0,0.0,0.0,0,0,0
https://fbref.com/en/players/de40e38c/Giulian-Biancone,120230061,Giulian Biancone,FRA,DF,Nott'ham Forest,22,2,0,17,0.2,0,0,0,0,0,0,0.0,0.0,0.0,2,0,1
https://fbref.com/en/players/d328a254/Philip-Billing,120230062,Philip Billing,DEN,MF,Bournemouth,26,36,34,2764,30.7,7,1,0,0,5,0,4.9,4.9,3.2,37,80,101
https://fbref.com/en/players/6c203af0/Yves-Bissouma,120230063,Yves Bissouma,MLI,MF,Tottenham,25,23,10,1010,11.2,0,0,0,0,6,0,0.2,0.2,0.5,14,62,10
https://fbref.com/en/players/a4ac4b8f/Willy-Boly,120230064,Willy Boly,CIV,DF,Nott'ham Forest,31,11,9,685,7.6,0,1,0,0,2,0,0.0,0.0,0.2,1,12,0
https://fbref.com/en/players/ccce7025/Sven-Botman,120230065,Sven Botman,NED,DF,Newcastle Utd,22,36,35,3127,34.7,0,0,0,0,2,0,2.5,2.5,1.0,8,87,5
https://fbref.com/en/players/79c84d1c/Jarrod-Bowen,120230066,Jarrod Bowen,ENG,FW,West Ham,25,38,36,3233,35.9,6,5,1,2,2,0,8.9,7.8,7.4,101,72,213
https://fbref.com/en/players/c07b7c5c/James-Bree,120230067,James Bree,ENG,DF,Southampton,24,5,4,367,4.1,0,0,0,0,1,0,0.0,0.0,0.2,4,5,12
https://fbref.com/en/players/97220da2/Armando-Broja,120230068,Armando Broja,ALB,FW,Chelsea,20,12,2,294,3.3,1,0,0,0,0,0,0.8,0.8,0.1,8,4,17
https://fbref.com/en/players/dc4cae05/David-Brooks,120230069,David Brooks,WAL,FW,Bournemouth,25,6,2,173,1.9,0,0,0,0,1,0,0.3,0.3,0.2,5,11,10
https://fbref.com/en/players/a2081c6b/Lewis-Brunt,120230070,Lewis Brunt,ENG,DF,Leicester City,21,1,0,23,0.3,0,0,0,0,0,0,0.0,0.0,0.0,0,0,2
https://fbref.com/en/players/66b76d44/Emi-Buendia,120230071,Emi Buend?a,ARG,MF,Aston Villa,25,38,27,2412,26.8,5,2,0,0,0,0,6.3,6.3,5.7,60,138,137
https://fbref.com/en/players/bfc3b3a0/Hugo-Bueno,120230072,Hugo Bueno,ESP,DF,Wolves,19,21,16,1310,14.6,0,1,0,0,1,0,0.2,0.2,1.3,52,39,64
https://fbref.com/en/players/468a7a91/Facundo-Buonanotte,120230073,Facundo Buonanotte,ARG,FW,Brighton,17,13,6,565,6.3,1,1,0,0,2,0,1.4,1.4,0.5,9,13,42
https://fbref.com/en/players/b2d31e83/Dan-Burn,120230074,Dan Burn,ENG,DF,Newcastle Utd,30,38,35,3111,34.6,1,0,0,0,5,0,2.1,2.1,1.3,29,118,46
https://fbref.com/en/players/85322440/Cafu,120230075,Caf?,POR,MF,Nott'ham Forest,29,1,0,7,0.1,0,0,0,0,0,0,0.0,0.0,0.0,0,1,0
https://fbref.com/en/players/16264a81/Moises-Caicedo,120230076,Mois?s Caicedo,ECU,MF,Brighton,20,37,34,3139,34.9,1,1,0,0,10,0,1.7,1.7,2.7,38,219,61
https://fbref.com/en/players/a8748947/Tom-Cairney,120230077,Tom Cairney,SCO,MF,Fulham,31,33,6,988,11.0,2,0,0,0,2,0,1.5,1.5,1.4,34,92,57
https://fbref.com/en/players/94f8d10c/Duje-Caleta-Car,120230078,Duje ?aleta-Car,CRO,DF,Southampton,25,13,9,946,10.5,1,0,0,0,2,0,0.8,0.8,0.0,5,33,0
https://fbref.com/en/players/59e6e5bf/Dominic-Calvert-Lewin,120230079,Dominic Calvert-Lewin,ENG,FW,Everton,25,17,15,1165,12.9,2,1,1,1,3,0,5.8,5.0,0.8,18,15,56
https://fbref.com/en/players/6f711f67/Chem-Campbell,120230080,Chem Campbell,WAL,FW,Wolves,19,5,0,74,0.8,0,0,0,0,0,0,0.1,0.1,0.0,2,4,10
https://fbref.com/en/players/bd6351cd/Joao-Cancelo,120230081,Jo?o Cancelo,POR,DF,Manchester City,28,17,16,1274,14.2,2,1,0,0,3,1,0.8,0.8,0.9,73,106,125
https://fbref.com/en/players/4506aec5/Thomas-Cannon,120230082,Thomas Cannon,IRL,FW,Everton,19,2,0,25,0.3,0,0,0,0,0,0,0.1,0.1,0.5,1,0,2
https://fbref.com/en/players/1137759d/Sergi-Canos,120230083,Sergi Can?s,ESP,FW,Brentford,25,5,0,77,0.9,0,0,0,0,0,0,0.1,0.1,0.0,4,2,7
https://fbref.com/en/players/b4a014b1/Diego-Carlos,120230084,Diego Carlos,BRA,DF,Aston Villa,29,3,2,205,2.3,0,0,0,0,0,0,0.4,0.4,0.0,1,11,0
https://fbref.com/en/players/966e28d0/Fabio-Carvalho,120230085,Fabio Carvalho,POR,MF,Liverpool,19,13,4,347,3.9,2,0,0,0,0,0,1.1,1.1,0.1,9,12,26
https://fbref.com/en/players/4d224fe8/Casemiro,120230086,Casemiro,BRA,MF,Manchester Utd,30,28,24,2124,23.6,4,3,0,0,7,2,3.4,3.4,3.1,14,152,34
https://fbref.com/en/players/2389cdc2/Matty-Cash,120230087,Matty Cash,POL,DF,Aston Villa,24,26,20,1820,20.2,0,1,0,0,4,0,0.2,0.2,0.7,42,75,57
https://fbref.com/en/players/197640fd/Timothy-Castagne,120230088,Timothy Castagne,BEL,DF,Leicester City,26,37,36,3254,36.2,2,3,0,0,3,0,2.2,2.2,2.6,39,106,149
https://fbref.com/en/players/e28868f3/Jonny-Castro,120230089,Jonny Castro,ESP,DF,Wolves,28,18,14,1261,14.0,1,0,0,0,3,1,0.3,0.3,1.0,24,70,46
https://fbref.com/en/players/422862ea/Nathaniel-Chalobah,120230090,Nathaniel Chalobah,ENG,MF,Fulham,27,4,1,12,0.1,0,0,0,0,0,1,0.1,0.1,0.0,0,0,0
https://fbref.com/en/players/5515376c/Trevoh-Chalobah,120230091,Trevoh Chalobah,ENG,DF,Chelsea,23,25,18,1608,17.9,0,0,0,0,4,0,0.9,0.9,0.3,17,71,27
https://fbref.com/en/players/dc6f5bdd/Calum-Chambers,120230092,Calum Chambers,ENG,DF,Aston Villa,27,14,2,353,3.9,0,0,0,0,2,0,0.1,0.1,0.3,6,16,2
https://fbref.com/en/players/5cc3ce65/Shea-Charles,120230093,Shea Charles,NIR,DF,Manchester City,18,1,0,28,0.3,0,0,0,0,0,0,0.0,0.0,0.0,1,1,0
https://fbref.com/en/players/d2424d1b/Ben-Chilwell,120230094,Ben Chilwell,ENG,DF,Chelsea,25,23,15,1408,15.6,2,2,0,0,3,0,1.4,1.4,2.2,43,41,131
https://fbref.com/en/players/26ce2263/Ryan-Christie,120230095,Ryan Christie,SCO,MF,Bournemouth,27,32,22,1834,20.4,1,1,0,0,2,0,2.7,2.7,2.4,39,71,71
https://fbref.com/en/players/b2f9c73e/Carney-Chukwuemeka,120230096,Carney Chukwuemeka,ENG,MF,Chelsea,18,14,2,354,3.9,0,0,0,0,0,0,0.4,0.4,0.6,21,23,21
https://fbref.com/en/players/73341ace/Bobby-Clark,120230097,Bobby Clark,ENG,MF,Liverpool,17,1,0,8,0.1,0,0,0,0,0,0,0.0,0.0,0.0,0,1,2
https://fbref.com/en/players/0442183b/Nathaniel-Clyne,120230098,Nathaniel Clyne,ENG,DF,Crystal Palace,31,22,19,1640,18.2,0,0,0,0,3,0,0.0,0.0,0.7,14,52,29
https://fbref.com/en/players/2928dca2/Conor-Coady,120230099,Conor Coady,ENG,DF,Everton,29,24,23,2096,23.3,1,1,0,0,2,0,0.8,0.8,0.3,4,43,1
https://fbref.com/en/players/963a9201/Jack-Colback,120230100,Jack Colback,ENG,MF,Nott'ham Forest,32,11,4,497,5.5,0,0,0,0,0,0,0.0,0.0,0.2,5,16,3
https://fbref.com/en/players/0420d84f/Seamus-Coleman,120230101,S?amus Coleman,IRL,DF,Everton,33,23,20,1656,18.4,1,0,0,0,1,0,0.4,0.4,0.9,13,61,37
https://fbref.com/en/players/a8c19eb8/Nathan-Collins,120230102,Nathan Collins,IRL,DF,Wolves,21,26,19,1814,20.2,0,0,0,0,2,1,0.2,0.2,0.1,11,64,5
https://fbref.com/en/players/700783e7/Levi-Colwill,120230103,Levi Colwill,ENG,DF,Brighton,19,17,13,1220,13.6,0,2,0,0,1,0,1.4,1.4,0.5,16,70,3
https://fbref.com/en/players/2afc7272/Lewis-Cook,120230104,Lewis Cook,ENG,MF,Bournemouth,25,28,18,1720,19.1,0,2,0,0,4,0,0.2,0.2,2.5,9,63,10
https://fbref.com/en/players/3e5e4e63/Steve-Cook,120230105,Steve Cook,ENG,DF,Nott'ham Forest,31,12,11,957,10.6,0,0,0,0,4,0,0.1,0.1,0.6,1,19,0
https://fbref.com/en/players/dc64b8b3/Liam-Cooper,120230106,Liam Cooper,SCO,DF,Leeds United,30,18,16,1426,15.8,1,0,0,0,5,0,1.0,1.0,0.7,3,47,2
https://fbref.com/en/players/beb391dd/Maxwel-Cornet,120230107,Maxwel Cornet,CIV,FW,West Ham,25,14,2,245,2.7,0,0,0,0,0,0,1.3,1.3,0.1,9,5,26
https://fbref.com/en/players/a190d597/Diego-Costa,120230108,Diego Costa,ESP,FW,Wolves,33,23,16,1241,13.8,1,0,0,0,5,1,3.2,3.2,0.7,19,13,60
https://fbref.com/en/players/fdf3cb77/Vladimir-Coufal,120230109,Vladim?r Coufal,CZE,DF,West Ham,29,27,24,2136,23.7,0,1,0,0,5,0,0.3,0.3,2.5,53,82,109
https://fbref.com/en/players/0ef89a37/Philippe-Coutinho,120230110,Philippe Coutinho,BRA,MF,Aston Villa,30,20,7,788,8.8,1,0,0,0,3,0,1.4,1.4,0.5,18,48,68
https://fbref.com/en/players/a5ca9127/Conor-Coventry,120230111,Conor Coventry,IRL,MF,West Ham,22,1,0,1,0.0,0,0,0,0,0,0,0.0,0.0,0.0,0,0,0
https://fbref.com/en/players/bc914523/Matthew-Craig,120230112,Matthew Craig,SCO,MF,Tottenham,19,1,0,14,0.2,0,0,0,0,0,0,0.0,0.0,0.0,0,0,0
https://fbref.com/en/players/4f974391/Aaron-Cresswell,120230113,Aaron Cresswell,ENG,DF,West Ham,32,28,24,2235,24.8,0,1,0,0,3,0,0.3,0.3,3.7,35,145,82
https://fbref.com/en/players/1daec722/Marc-Cucurella,120230114,Marc Cucurella,ESP,DF,Chelsea,24,24,21,1671,18.6,0,2,0,0,4,0,0.4,0.4,0.6,30,73,65
https://fbref.com/en/players/dc62b55d/Matheus-Cunha,120230115,Matheus Cunha,BRA,FW,Wolves,23,17,12,965,10.7,2,0,0,0,1,0,2.0,2.0,0.6,16,14,43
https://fbref.com/en/players/ca45605e/Patson-Daka,120230116,Patson Daka,ZAM,FW,Leicester City,23,30,13,1187,13.2,4,4,0,0,2,0,3.5,3.5,2.8,18,17,82
https://fbref.com/en/players/d9565625/Diogo-Dalot,120230117,Diogo Dalot,POR,DF,Manchester Utd,23,26,24,2154,23.9,1,2,0,0,6,0,2.5,2.5,1.9,46,92,85
https://fbref.com/en/players/215f3907/Mikkel-Damsgaard,120230118,Mikkel Damsgaard,DEN,MF,Brentford,22,26,9,988,11.0,0,0,0,0,4,0,2.6,2.6,1.4,9,44,45
https://fbref.com/en/players/a816dbfb/Danilo,120230119,Danilo,BRA,MF,Nott'ham Forest,21,13,12,976,10.8,3,2,0,0,1,0,1.5,1.5,0.7,13,34,22
https://fbref.com/en/players/f08490a6/Arnaut-Danjuma,120230120,Arnaut Danjuma,NED,FW,Tottenham,25,9,1,169,1.9,1,0,0,0,0,0,0.8,0.8,0.0,5,2,19
https://fbref.com/en/players/60344e4f/Josh-Dasilva,120230121,Josh Dasilva,ENG,MF,Brentford,23,36,14,1389,15.4,4,2,0,0,1,0,1.5,1.5,1.4,60,62,69
https://fbref.com/en/players/e82900ef/David-Datro-Fofana,120230122,David Datro Fofana,CIV,FW,Chelsea,19,3,1,70,0.8,0,0,0,0,0,0,0.2,0.2,0.1,2,2,9
https://fbref.com/en/players/44781702/Ben-Davies,120230123,Ben Davies,WAL,DF,Tottenham,29,31,26,2288,25.4,2,2,0,0,4,0,1.0,1.0,2.5,39,107,69
https://fbref.com/en/players/9228b07c/Tom-Davies,120230124,Tom Davies,ENG,MF,Everton,24,19,4,538,6.0,0,0,0,0,3,0,1.2,1.2,0.2,2,30,13
https://fbref.com/en/players/3e9e06cb/Craig-Dawson,120230125,Craig Dawson,ENG,DF,West Ham,32,8,8,720,8.0,0,0,0,0,2,0,0.5,0.5,0.1,0,18,1
https://fbref.com/en/players/3e9e06cb/Craig-Dawson,120230126,Craig Dawson1,ENG,DF,Wolves,32,17,17,1414,15.7,1,0,0,0,4,0,1.0,1.0,0.0,5,44,1
https://fbref.com/en/players/e46012d4/Kevin-De-Bruyne,120230127,Kevin De Bruyne,BEL,MF,Manchester City,31,32,28,2417,26.9,7,16,0,0,1,0,5.6,5.6,13.7,100,246,245
https://fbref.com/en/players/11f54bd5/Siriki-Dembele,120230128,Siriki Demb?l?,CIV,FW,Bournemouth,25,6,0,110,1.2,0,0,0,0,0,0,0.2,0.2,0.3,5,4,11
https://fbref.com/en/players/5a7301ae/Leander-Dendoncker,120230129,Leander Dendoncker,BEL,MF,Aston Villa,27,20,7,697,7.7,0,0,0,0,0,0,0.1,0.1,0.5,1,18,2
https://fbref.com/en/players/5a7301ae/Leander-Dendoncker,120230130,Leander Dendoncker1,BEL,MF,Wolves,27,4,2,214,2.4,0,0,0,0,0,0,0.7,0.7,0.0,1,6,3
https://fbref.com/en/players/2c44a35d/Emmanuel-Dennis,120230131,Emmanuel Dennis,NGA,FW,Nott'ham Forest,24,19,6,720,8.0,2,2,0,0,3,0,1.9,1.9,0.6,24,17,63
https://fbref.com/en/players/9d8cf204/Halil-Dervisoglu,120230132,Halil Dervi?o?lu,TUR,MF,Brentford,22,1,0,8,0.1,0,0,0,0,0,0,0.0,0.0,0.0,0,0,0
https://fbref.com/en/players/5c74c0f5/Kiernan-Dewsbury-Hall,120230133,Kiernan Dewsbury-Hall,ENG,MF,Leicester City,23,31,28,2306,25.6,2,2,0,0,5,1,2.4,2.4,3.3,68,132,91
https://fbref.com/en/players/11ff3d56/Ibrahima-Diallo,120230134,Ibrahima Diallo,FRA,MF,Southampton,23,18,11,819,9.1,0,0,0,0,4,0,0.2,0.2,0.1,9,28,6
https://fbref.com/en/players/31c69ef1/Ruben-Dias,120230135,R?ben Dias,POR,DF,Manchester City,25,26,22,1998,22.2,0,0,0,0,3,0,1.3,1.3,0.6,14,98,2
https://fbref.com/en/players/4a1a9578/Luis-Diaz,120230136,Luis D?az,COL,FW,Liverpool,25,17,11,996,11.1,4,2,0,0,2,0,2.5,2.5,1.5,39,49,116
https://fbref.com/en/players/ac861941/Eric-Dier,120230137,Eric Dier,ENG,DF,Tottenham,28,33,31,2818,31.3,2,1,0,0,3,0,1.6,1.6,1.2,9,87,14
https://fbref.com/en/players/1b84dbe1/Lucas-Digne,120230138,Lucas Digne,FRA,DF,Aston Villa,29,28,18,1502,16.7,1,0,0,0,5,0,0.4,0.4,1.9,29,57,89
https://fbref.com/en/players/a712ca2b/Issa-Diop,120230139,Issa Diop,FRA,DF,Fulham,25,25,21,2012,22.4,1,0,0,0,2,0,0.3,0.3,0.4,13,70,4
https://fbref.com/en/players/254147d4/Moussa-Djenepo,120230140,Moussa Djenepo,MLI,DF,Southampton,24,16,7,710,7.9,0,2,0,0,1,0,0.2,0.2,0.5,27,19,39
https://fbref.com/en/players/733f1a7d/Ben-Doak,120230141,Ben Doak,SCO,FW,Liverpool,16,2,0,26,0.3,0,0,0,0,0,0,0.0,0.0,0.0,1,1,4
https://fbref.com/en/players/d557d734/Matt-Doherty,120230142,Matt Doherty,IRL,DF,Tottenham,30,12,7,667,7.4,1,0,0,0,0,0,0.8,0.8,0.3,16,20,57
https://fbref.com/en/players/02b29014/Abdoulaye-Doucoure,120230143,Abdoulaye Doucour?,MLI,MF,Everton,29,25,17,1533,17.0,5,2,0,0,6,1,2.4,2.4,2.2,23,38,66
https://fbref.com/en/players/ce4f40c7/Cheick-Doucoure,120230144,Cheick Doucour?,MLI,MF,Crystal Palace,22,34,34,2769,30.8,0,3,0,0,10,1,1.4,1.4,1.9,18,140,17
https://fbref.com/en/players/69fdb896/Flynn-Downes,120230145,Flynn Downes,ENG,MF,West Ham,23,21,7,762,8.5,0,0,0,0,2,0,0.4,0.4,0.1,3,22,11
https://fbref.com/en/players/65983e4d/Kami-Doyle,120230146,Kami Doyle,ENG,MF,Southampton,16,1,0,7,0.1,0,0,0,0,0,0,0.0,0.0,0.0,0,0,0
https://fbref.com/en/players/e0d1510a/Cody-Drameh,120230147,Cody Drameh,ENG,DF,Leeds United,20,1,1,69,0.8,0,0,0,0,0,0,0.0,0.0,0.0,0,2,3
https://fbref.com/en/players/3a949a25/Martin-Dubravka,120230148,Martin D?bravka,SVK,GK,Newcastle Utd,33,2,1,157,1.7,0,0,0,0,0,0,0.0,0.0,0.0,0,0,0
https://fbref.com/en/players/7314bba4/Shane-Duffy,120230149,Shane Duffy,IRL,DF,Fulham,30,5,0,20,0.2,0,0,0,0,0,0,0.2,0.2,0.0,0,0,0
https://fbref.com/en/players/282f75f3/Lewis-Dunk,120230150,Lewis Dunk,ENG,DF,Brighton,30,36,36,3239,36.0,1,0,0,0,4,0,1.7,1.7,1.0,19,158,5
https://fbref.com/en/players/414184f7/Jhon-Duran,120230151,Jhon Dur?n,COL,FW,Aston Villa,18,12,0,136,1.5,0,0,0,0,1,0,0.6,0.6,0.0,4,4,13
https://fbref.com/en/players/fa9fa773/Malcolm-Ebiowei,120230152,Malcolm Ebiowei,ENG,MF,Crystal Palace,18,3,0,34,0.4,0,0,0,0,0,0,0.0,0.0,0.0,2,2,9
https://fbref.com/en/players/3bb7b8b4/Ederson,120230153,Ederson,BRA,GK,Manchester City,28,35,35,3150,35.0,0,1,0,0,3,0,0.0,0.0,0.2,0,0,0
https://fbref.com/en/players/0562b7f1/Odsonne-Edouard,120230154,Odsonne ?douard,FRA,FW,Crystal Palace,24,35,20,1803,20.0,5,2,0,0,3,0,4.2,4.2,1.2,29,32,100
https://fbref.com/en/players/007414dd/Samuel-Edozie,120230155,Samuel Edozie,ENG,FW,Southampton,19,17,5,567,6.3,0,0,0,0,0,0,0.9,0.9,0.4,26,13,39
https://fbref.com/en/players/2fba6108/Anthony-Elanga,120230156,Anthony Elanga,SWE,FW,Manchester Utd,20,16,5,426,4.7,0,1,0,0,0,0,0.7,0.7,0.9,12,8,28
https://fbref.com/en/players/b9e1436c/Harvey-Elliott,120230157,Harvey Elliott,ENG,MF,Liverpool,19,32,18,1613,17.9,1,2,0,0,2,0,2.1,2.1,3.5,54,142,129
https://fbref.com/en/players/47a34c4f/Mohamed-Elneny,120230158,Mohamed Elneny,EGY,MF,Arsenal,30,5,1,113,1.3,0,0,0,0,0,0,0.0,0.0,0.0,1,2,1
https://fbref.com/en/players/68dc0dac/Mohamed-Elyounoussi,120230159,Mohamed Elyounoussi,NOR,MF,Southampton,27,33,27,2168,24.1,1,1,0,0,4,0,3.5,3.5,2.1,56,50,98
https://fbref.com/en/players/df8b52a5/Emerson,120230160,Emerson,BRA,DF,Tottenham,23,26,20,1735,19.3,2,1,0,0,2,1,1.7,1.7,0.6,47,80,103
https://fbref.com/en/players/9cfbad36/Julio-Enciso,120230161,Julio Enciso,PAR,FW,Brighton,18,20,7,806,9.0,4,2,0,0,1,0,4.0,4.0,1.7,39,31,74
https://fbref.com/en/players/980522ec/Christian-Eriksen,120230162,Christian Eriksen,DEN,MF,Manchester Utd,30,28,25,2048,22.8,1,8,0,0,3,0,5.0,5.0,4.2,23,164,66
https://fbref.com/en/players/d38fdf53/Pervis-Estupinan,120230163,Pervis Estupi??n,ECU,DF,Brighton,24,35,31,2675,29.7,1,5,0,0,4,0,1.7,1.7,5.4,91,157,183
https://fbref.com/en/players/f8fcd2a5/Jonny-Evans,120230164,Jonny Evans,NIR,DF,Leicester City,34,13,12,1051,11.7,0,0,0,0,1,0,0.2,0.2,0.0,6,35,0
https://fbref.com/en/players/ae4fc6a4/Eberechi-Eze,120230165,Eberechi Eze,ENG,MF,Crystal Palace,24,38,30,2636,29.3,10,4,1,1,3,0,7.3,6.5,4.3,69,131,129
https://fbref.com/en/players/9328b835/Lukasz-Fabianski,120230166,?ukasz Fabia?ski,POL,GK,West Ham,37,36,36,3111,34.6,0,0,0,0,1,0,0.0,0.0,0.0,0,0,0
https://fbref.com/en/players/7f3b388c/Fabinho,120230167,Fabinho,BRA,MF,Liverpool,28,36,31,2671,29.7,0,2,0,0,11,0,0.7,0.7,2.1,15,161,39
https://fbref.com/en/players/9c221d14/Wout-Faes,120230168,Wout Faes,BEL,DF,Leicester City,24,31,31,2786,31.0,1,2,0,0,6,1,1.2,1.2,0.6,11,74,2
https://fbref.com/en/players/51a3c4c8/Felipe,120230169,Felipe,BRA,DF,Nott'ham Forest,33,16,15,1418,15.8,0,1,0,0,4,0,1.2,1.2,0.9,3,22,4
https://fbref.com/en/players/8aafd64f/Joao-Felix,120230170,Jo?o F?lix,POR,FW,Chelsea,22,16,11,941,10.5,4,0,0,0,1,1,4.9,4.9,0.5,34,47,79
https://fbref.com/en/players/4596da74/Evan-Ferguson,120230171,Evan Ferguson,IRL,FW,Brighton,17,19,10,950,10.6,6,2,0,0,1,0,5.3,5.3,0.7,11,14,58
https://fbref.com/en/players/507c7bdf/Bruno-Fernandes,120230172,Bruno Fernandes,POR,MF,Manchester Utd,27,37,37,3316,36.8,8,8,2,2,6,0,9.3,7.7,16.7,89,263,231
https://fbref.com/en/players/5ff4ab71/Enzo-Fernandez,120230173,Enzo Fern?ndez,ARG,MF,Chelsea,21,18,18,1547,17.2,0,2,0,0,3,0,0.8,0.8,2.4,22,168,18
https://fbref.com/en/players/4c370d81/Roberto-Firmino,120230174,Roberto Firmino,BRA,FW,Liverpool,30,25,13,1213,13.5,11,4,0,0,0,0,5.5,5.5,2.5,16,78,96
https://fbref.com/en/players/24f59bb2/Junior-Firpo,120230175,Junior Firpo,DOM,DF,Leeds United,25,19,14,1368,15.2,1,1,0,0,6,1,0.1,0.1,0.8,20,54,34
https://fbref.com/en/players/ed1e53f3/Phil-Foden,120230176,Phil Foden,ENG,FW,Manchester City,22,32,22,1842,20.5,11,6,0,0,1,0,5.9,5.9,4.7,68,88,275
https://fbref.com/en/players/132a82f1/Wesley-Fofana,120230177,Wesley Fofana,FRA,DF,Leicester City,21,2,2,180,2.0,0,0,0,0,1,0,0.1,0.1,0.0,3,6,1
https://fbref.com/en/players/132a82f1/Wesley-Fofana,120230178,Wesley Fofana1,FRA,DF,Chelsea,21,15,12,1183,13.1,1,0,0,0,3,0,0.7,0.7,0.1,29,43,12
https://fbref.com/en/players/82927de4/Pablo-Fornals,120230179,Pablo Fornals,ESP,FW,West Ham,26,32,17,1503,16.7,3,1,0,0,0,0,2.2,2.2,1.7,33,89,101
https://fbref.com/en/players/9f1938ab/Adam-Forshaw,120230180,Adam Forshaw,ENG,MF,Leeds United,30,12,5,479,5.3,0,0,0,0,0,0,0.0,0.0,0.9,4,33,7
https://fbref.com/en/players/c3e39f12/Fraser-Forster,120230181,Fraser Forster,ENG,GK,Tottenham,34,14,13,1215,13.5,0,0,0,0,1,0,0.0,0.0,0.0,0,0,0
https://fbref.com/en/players/6722d4f0/Tyrese-Francois,120230182,Tyrese Francois,AUS,FW,Fulham,22,1,0,1,0.0,0,0,0,0,0,0,0.0,0.0,0.0,0,0,1
https://fbref.com/en/players/d56543a0/Ryan-Fraser,120230183,Ryan Fraser,SCO,FW,Newcastle Utd,28,8,3,313,3.5,0,0,0,0,1,0,0.3,0.3,0.4,8,9,23
https://fbref.com/en/players/b853e0ad/Fred,120230184,Fred,BRA,MF,Manchester Utd,29,35,12,1249,13.9,2,2,0,0,6,0,2.0,2.0,2.9,10,76,50
https://fbref.com/en/players/c067631c/Ryan-Fredericks,120230185,Ryan Fredericks,ENG,DF,Bournemouth,29,12,5,533,5.9,0,0,0,0,1,0,0.0,0.0,0.1,13,15,28
https://fbref.com/en/players/98d2c2c4/Remo-Freuler,120230186,Remo Freuler,SUI,MF,Nott'ham Forest,30,28,24,2161,24.0,0,0,0,0,4,0,0.4,0.4,0.8,7,54,11
https://fbref.com/en/players/1971591f/Cody-Gakpo,120230187,Cody Gakpo,NED,FW,Liverpool,23,21,17,1458,16.2,7,2,0,0,0,0,6.2,6.2,2.7,36,50,109
https://fbref.com/en/players/c2731c10/Conor-Gallagher,120230188,Conor Gallagher,ENG,MF,Chelsea,22,35,18,1621,18.0,3,1,0,0,11,1,2.5,2.5,2.3,40,105,104
https://fbref.com/en/players/72c812f3/Idrissa-Gana-Gueye,120230189,Idrissa Gana Gueye,SEN,MF,Everton,32,33,32,2577,28.6,0,1,0,0,7,0,0.7,0.7,1.1,27,98,19
https://fbref.com/en/players/7aa8adfe/Alejandro-Garnacho,120230190,Alejandro Garnacho,ARG,FW,Manchester Utd,18,19,5,569,6.3,3,2,0,0,3,0,3.0,3.0,1.0,33,12,85
https://fbref.com/en/players/4e015693/James-Garner,120230191,James Garner,ENG,MF,Everton,21,16,7,804,8.9,0,1,0,0,3,0,0.8,0.8,0.5,8,33,18
https://fbref.com/en/players/7ba6d84e/David-de-Gea,120230192,David de Gea,ESP,GK,Manchester Utd,31,38,38,3420,38.0,0,0,0,0,0,0,0.0,0.0,0.1,0,0,0
https://fbref.com/en/players/01962d0d/Joe-Gelhardt,120230193,Joe Gelhardt,ENG,FW,Leeds United,20,15,1,212,2.4,0,2,0,0,1,0,0.8,0.8,0.5,2,6,21
https://fbref.com/en/players/f7b1d4e0/Saman-Ghoddos,120230194,Saman Ghoddos,IRN,MF,Brentford,28,15,0,139,1.5,0,0,0,0,0,0,0.0,0.0,0.4,1,8,6
https://fbref.com/en/players/32f60ed8/Morgan-Gibbs-White,120230195,Morgan Gibbs-White,ENG,FW,Wolves,22,2,2,180,2.0,0,0,0,0,1,0,0.7,0.7,0.1,4,12,12
https://fbref.com/en/players/32f60ed8/Morgan-Gibbs-White,120230196,Morgan Gibbs-White1,ENG,MF,Nott'ham Forest,22,35,34,2971,33.0,5,8,2,2,5,0,6.0,4.4,8.2,69,131,157
https://fbref.com/en/players/7b5ab7f2/Bryan-Gil,120230197,Bryan Gil,ESP,MF,Tottenham,21,4,2,148,1.6,0,1,0,0,1,0,0.1,0.1,0.2,4,5,15
https://fbref.com/en/players/df10e27c/Billy-Gilmour,120230198,Billy Gilmour,SCO,MF,Brighton,21,14,7,507,5.6,0,1,0,0,1,0,0.5,0.5,0.2,5,35,4
https://fbref.com/en/players/75fdd638/Wilfried-Gnonto,120230199,Wilfried Gnonto,ITA,FW,Leeds United,18,24,14,1354,15.0,2,4,0,0,7,0,1.8,1.8,2.2,66,35,136
https://fbref.com/en/players/9f7c837d/Ben-Godfrey,120230200,Ben Godfrey,ENG,DF,Everton,24,13,10,802,8.9,0,1,0,0,2,0,1.2,1.2,0.2,9,19,7
https://fbref.com/en/players/8b57ad2c/Joao-Gomes,120230201,Jo?o Gomes,BRA,MF,Wolves,21,11,7,653,7.3,1,0,0,0,5,0,0.3,0.3,0.2,7,19,8
https://fbref.com/en/players/f0caab96/Toti-Gomes,120230202,Toti Gomes,POR,DF,Wolves,23,17,10,984,10.9,1,0,0,0,6,0,0.4,0.4,0.3,4,27,23
https://fbref.com/en/players/7a11550b/Joe-Gomez,120230203,Joe Gomez,ENG,DF,Liverpool,25,21,15,1466,16.3,0,0,0,0,3,0,0.2,0.2,0.2,15,108,5
https://fbref.com/en/players/01e5f06e/Sergio-Gomez,120230204,Sergio G?mez,ESP,DF,Manchester City,21,12,2,349,3.9,0,1,0,0,0,0,0.4,0.4,1.2,10,18,20
https://fbref.com/en/players/2bd83368/Anthony-Gordon,120230205,Anthony Gordon,ENG,FW,Newcastle Utd,21,16,4,487,5.4,1,0,0,0,1,0,1.7,1.7,0.9,20,15,45
https://fbref.com/en/players/2bd83368/Anthony-Gordon,120230206,Anthony Gordon1,ENG,FW,Everton,21,16,12,1095,12.2,3,0,0,0,6,0,3.3,3.3,0.6,28,19,67
https://fbref.com/en/players/4468ec10/Demarai-Gray,120230207,Demarai Gray,JAM,FW,Everton,26,33,27,2507,27.9,4,1,2,2,3,0,6.2,4.7,3.8,94,46,199
https://fbref.com/en/players/b0b4fd3e/Jack-Grealish,120230208,Jack Grealish,ENG,FW,Manchester City,26,28,23,2055,22.8,5,7,0,0,4,0,4.6,4.6,7.1,143,100,310
https://fbref.com/en/players/f3354c07/Sam-Greenwood,120230209,Sam Greenwood,ENG,MF,Leeds United,20,18,3,424,4.7,1,2,0,0,1,0,0.7,0.7,1.1,7,15,10
https://fbref.com/en/players/8aec0537/Pascal-Gross,120230210,Pascal Gro?,GER,MF,Brighton,31,37,37,3239,36.0,9,8,0,0,6,0,5.4,5.4,10.9,62,255,209
https://fbref.com/en/players/ab13a5aa/Vicente-Guaita,120230211,Vicente Guaita,ESP,GK,Crystal Palace,35,27,27,2430,27.0,0,0,0,0,1,0,0.0,0.0,0.0,0,1,0
https://fbref.com/en/players/e6bc67d7/Goncalo-Guedes,120230212,Gon?alo Guedes,POR,FW,Wolves,25,13,8,707,7.9,1,1,0,0,1,0,1.2,1.2,0.5,20,16,54
https://fbref.com/en/players/d0706b27/Marc-Guehi,120230213,Marc Gu?hi,ENG,DF,Crystal Palace,22,37,37,3329,37.0,1,0,0,0,8,0,1.5,1.5,0.5,17,106,3
https://fbref.com/en/players/82518f62/Bruno-Guimaraes,120230214,Bruno Guimar?es,BRA,MF,Newcastle Utd,24,32,32,2726,30.3,4,5,0,0,7,0,2.8,2.8,4.0,41,222,42
https://fbref.com/en/players/819b3158/Ilkay-Gundogan,120230215,?lkay G?ndo?an,GER,MF,Manchester City,31,31,27,2353,26.1,8,4,0,1,0,0,7.5,6.7,3.3,53,170,124
https://fbref.com/en/players/56d838f7/Darko-Gyabi,120230216,Darko Gyabi,ENG,FW,Leeds United,18,1,0,8,0.1,0,0,0,0,0,0,0.1,0.1,0.0,0,2,0
https://fbref.com/en/players/1f44ac21/Erling-Haaland,120230217,Erling Haaland,NOR,FW,Manchester City,22,35,33,2769,30.8,36,8,7,7,5,0,28.4,23.0,5.3,35,58,151
https://fbref.com/en/players/da011f18/Lewis-Hall,120230218,Lewis Hall,ENG,DF,Chelsea,17,9,8,654,7.3,0,0,0,0,1,0,0.9,0.9,2.2,19,25,40
https://fbref.com/en/players/8c3078cd/Luke-Harris,120230219,Luke Harris,WAL,MF,Fulham,17,3,0,13,0.1,0,0,0,0,0,0,0.0,0.0,0.0,0,1,0
https://fbref.com/en/players/aa849a12/Jack-Harrison,120230220,Jack Harrison,ENG,FW,Leeds United,25,36,34,2708,30.1,5,7,0,0,2,0,4.7,4.7,5.1,103,103,255
https://fbref.com/en/players/fed7cb61/Kai-Havertz,120230221,Kai Havertz,GER,FW,Chelsea,23,35,30,2569,28.5,7,1,1,1,5,0,11.6,10.8,3.8,59,89,218
https://fbref.com/en/players/4fd08daa/Jan-Paul-van-Hecke,120230222,Jan Paul van Hecke,NED,DF,Brighton,22,8,3,295,3.3,0,0,0,0,2,0,0.6,0.6,0.0,3,21,0
https://fbref.com/en/players/169fd162/Hwang-Hee-chan,120230223,Hwang Hee-chan,KOR,FW,Wolves,26,27,12,1130,12.6,3,1,0,0,1,0,2.9,2.9,1.1,25,30,60
https://fbref.com/en/players/e5a76dfe/Dean-Henderson,120230224,Dean Henderson,ENG,GK,Nott'ham Forest,25,18,18,1620,18.0,0,0,0,0,2,0,0.0,0.0,0.0,0,0,0
https://fbref.com/en/players/935e6b8f/Jordan-Henderson,120230225,Jordan Henderson,ENG,MF,Liverpool,32,35,23,2074,23.0,0,2,0,0,2,0,1.4,1.4,3.2,37,189,90
https://fbref.com/en/players/76eca7e2/Wayne-Hennessey,120230226,Wayne Hennessey,WAL,GK,Nott'ham Forest,35,4,3,271,3.0,0,0,0,0,0,0,0.0,0.0,0.0,0,0,0
https://fbref.com/en/players/8a3c1dc7/Rico-Henry,120230227,Rico Henry,ENG,DF,Brentford,25,37,37,3238,36.0,0,2,0,0,4,0,1.5,1.5,2.6,55,107,111
https://fbref.com/en/players/92e7e919/Son-Heung-min,120230228,Son Heung-min,KOR,MF,Tottenham,30,36,33,2888,32.1,10,6,0,0,2,0,10.1,10.1,6.5,82,79,196
https://fbref.com/en/players/1780bb4a/Aaron-Hickey,120230229,Aaron Hickey,SCO,DF,Brentford,20,26,23,1916,21.3,0,1,0,0,7,0,0.4,0.4,0.4,41,81,47
https://fbref.com/en/players/e98211e7/Jack-Hinshelwood,120230230,Jack Hinshelwood,ENG,FW,Brighton,17,1,0,2,0.0,0,0,0,0,0,0,0.0,0.0,0.0,0,0,1
https://fbref.com/en/players/bd8a5d95/Joseph-Hodge,120230231,Joseph Hodge,IRL,MF,Wolves,19,6,1,175,1.9,0,0,0,0,1,0,0.3,0.3,0.1,1,8,5
https://fbref.com/en/players/d79a8c87/Rob-Holding,120230232,Rob Holding,ENG,DF,Arsenal,26,14,6,566,6.3,1,0,0,0,0,0,0.3,0.3,0.0,3,24,2
https://fbref.com/en/players/d0042ab9/Mason-Holgate,120230233,Mason Holgate,ENG,DF,Everton,25,8,5,507,5.6,0,0,0,0,3,1,1.0,1.0,0.4,4,14,5
https://fbref.com/en/players/a0666d3e/Will-Hughes,120230234,Will Hughes,ENG,MF,Crystal Palace,27,27,7,842,9.4,1,1,0,0,4,0,0.3,0.3,0.9,14,32,23
https://fbref.com/en/players/bd9553e6/Omari-Hutchinson,120230235,Omari Hutchinson,ENG,FW,Chelsea,18,1,0,23,0.3,0,0,0,0,0,0,0.0,0.0,0.0,1,0,2
https://fbref.com/en/players/8b04d6c1/Pierre-Hojbjerg,120230236,Pierre H?jbjerg,DEN,MF,Tottenham,26,35,35,3131,34.8,4,5,0,0,5,0,2.0,2.0,3.1,46,235,66
https://fbref.com/en/players/c92e1a31/Kelechi-Iheanacho,120230237,Kelechi Iheanacho,NGA,FW,Leicester City,25,28,11,1127,12.5,5,5,1,1,0,0,7.1,6.3,4.0,33,27,99
https://fbref.com/en/players/07802f7f/Danny-Ings,120230238,Danny Ings,ENG,FW,West Ham,30,17,7,775,8.6,2,2,0,0,1,0,3.0,3.0,1.0,9,12,44
https://fbref.com/en/players/07802f7f/Danny-Ings,120230239,Danny Ings1,ENG,FW,Aston Villa,30,18,8,824,9.2,6,0,2,2,3,0,5.3,3.8,1.2,15,12,46
https://fbref.com/en/players/8e92be30/Alexander-Isak,120230240,Alexander Isak,SWE,FW,Newcastle Utd,22,22,17,1522,16.9,10,1,2,2,3,0,8.2,6.7,2.2,41,48,122
https://fbref.com/en/players/10d221cd/Daniel-Iversen,120230241,Daniel Iversen,DEN,GK,Leicester City,25,12,12,1080,12.0,0,0,0,0,0,0,0.0,0.0,0.0,0,0,0
https://fbref.com/en/players/6ca5ec4b/Alex-Iwobi,120230242,Alex Iwobi,NGA,MF,Everton,26,38,38,3378,37.5,2,7,0,0,2,0,2.5,2.5,6.1,90,194,145
https://fbref.com/en/players/c931d9f9/Daniel-James,120230243,Daniel James,WAL,FW,Leeds United,24,4,2,198,2.2,0,0,0,0,0,0,0.3,0.3,0.3,6,3,9
https://fbref.com/en/players/c931d9f9/Daniel-James,120230244,Daniel James1,WAL,FW,Fulham,24,20,5,621,6.9,2,1,0,0,0,0,1.7,1.7,0.7,24,15,48
https://fbref.com/en/players/1265a93a/Reece-James,120230245,Reece James,ENG,DF,Chelsea,22,16,14,1244,13.8,1,1,0,0,4,0,1.0,1.0,3.0,52,90,115
https://fbref.com/en/players/8449d35e/Vitaly-Janelt,120230246,Vitaly Janelt,GER,MF,Brentford,24,35,24,2208,24.5,3,1,0,0,3,0,2.4,2.4,1.4,14,82,28
https://fbref.com/en/players/172e52d8/Pontus-Jansson,120230247,Pontus Jansson,SWE,DF,Brentford,31,12,9,724,8.0,1,0,0,0,0,0,0.3,0.3,0.0,1,14,0
https://fbref.com/en/players/0f134faf/Mathias-Jensen,120230248,Mathias Jensen,DEN,MF,Brentford,26,37,37,2803,31.1,5,6,0,0,5,0,2.1,2.1,5.0,21,141,77
https://fbref.com/en/players/b66315ae/Gabriel-Jesus,120230249,Gabriel Jesus,BRA,FW,Arsenal,25,26,24,2064,22.9,11,6,1,1,6,0,14.0,13.2,3.9,44,64,194
https://fbref.com/en/players/b561db50/Raul-Jimenez,120230250,Ra?l Jim?nez,MEX,FW,Wolves,31,15,8,846,9.4,0,1,0,0,0,0,2.6,2.6,1.7,5,14,45
https://fbref.com/en/players/c17bfb65/Joelinton,120230251,Joelinton,BRA,MF,Newcastle Utd,25,32,30,2661,29.6,6,1,0,0,12,0,7.1,7.1,2.4,64,130,150
https://fbref.com/en/players/9319781b/Ben-Johnson,120230252,Ben Johnson,ENG,DF,West Ham,22,17,9,866,9.6,0,0,0,0,0,0,0.1,0.1,0.2,15,37,22
https://fbref.com/en/players/0cd31129/Brennan-Johnson,120230253,Brennan Johnson,WAL,FW,Nott'ham Forest,21,38,33,2934,32.6,8,3,1,3,6,0,8.6,6.2,3.2,88,30,155
https://fbref.com/en/players/9e5708be/Sam-Johnstone,120230254,Sam Johnstone,ENG,GK,Crystal Palace,29,9,9,810,9.0,0,0,0,0,1,0,0.0,0.0,0.0,0,0,0
https://fbref.com/en/players/4fb9c88f/Curtis-Jones,120230255,Curtis Jones,ENG,MF,Liverpool,21,18,12,1035,11.5,3,1,0,0,2,0,1.2,1.2,1.1,31,69,75
https://fbref.com/en/players/45db685d/Jorginho,120230256,Jorginho,ITA,MF,Arsenal,30,14,9,855,9.5,0,1,0,0,0,0,0.2,0.2,0.2,15,99,8
https://fbref.com/en/players/45db685d/Jorginho,120230257,Jorginho1,ITA,MF,Chelsea,30,18,15,1279,14.2,2,0,2,2,4,0,1.7,0.1,0.4,13,80,10
https://fbref.com/en/players/6ad43f9a/Mateo-Joseph,120230258,Mateo Joseph,ESP,FW,Leeds United,18,3,0,26,0.3,0,0,0,0,0,0,0.1,0.1,0.0,0,0,2
https://fbref.com/en/players/178ae8f8/Diogo-Jota,120230259,Diogo Jota,POR,FW,Liverpool,25,22,12,1131,12.6,7,4,0,0,2,0,6.5,6.5,2.1,34,30,104
https://fbref.com/en/players/570bb4b9/Hamed-Junior-Traore,120230260,Hamed Junior Traor?,CIV,FW,Bournemouth,22,7,5,427,4.7,0,0,0,0,0,0,0.9,0.9,1.1,19,26,21
https://fbref.com/en/players/fb614c44/James-Justin,120230261,James Justin,ENG,DF,Leicester City,24,14,14,1252,13.9,0,0,0,0,0,0,0.3,0.3,0.3,20,47,50
https://fbref.com/en/players/0db5d2c8/Mathias-Jorgensen,120230262,Mathias J?rgensen,DEN,DF,Brentford,32,18,11,1103,12.3,0,0,0,0,2,0,0.9,0.9,0.2,1,35,1
https://fbref.com/en/players/15f24fe7/Sasa-Kalajdzic,120230263,Sasa Kalajdzic,AUT,FW,Wolves,25,1,1,45,0.5,0,0,0,0,0,0,0.3,0.3,0.0,0,0,1
https://fbref.com/en/players/cc77354e/Boubacar-Kamara,120230264,Boubacar Kamara,FRA,MF,Aston Villa,22,24,21,1777,19.7,0,1,0,0,4,0,0.2,0.2,0.8,16,84,8
https://fbref.com/en/players/21a66f6a/Harry-Kane,120230265,Harry Kane,ENG,FW,Tottenham,29,38,38,3405,37.8,30,3,5,6,6,0,21.4,16.7,7.0,60,180,193
https://fbref.com/en/players/b9fbae28/NGolo-Kante,120230266,N'Golo Kant?,FRA,MF,Chelsea,31,7,6,518,5.8,0,1,0,0,1,0,0.3,0.3,1.9,19,34,36
https://fbref.com/en/players/c5b7c315/Michael-Keane,120230267,Michael Keane,ENG,DF,Everton,29,12,10,985,10.9,1,2,0,0,0,0,1.3,1.3,0.7,2,31,4
https://fbref.com/en/players/18b999f4/Neeskens-Kebano,120230268,Neeskens Kebano,COD,FW,Fulham,30,17,9,764,8.5,0,3,0,0,0,0,0.5,0.5,1.5,39,24,68
https://fbref.com/en/players/51dbeea9/Thilo-Kehrer,120230269,Thilo Kehrer,GER,DF,West Ham,25,27,25,2230,24.8,0,2,0,0,4,0,0.5,0.5,0.6,15,60,29
https://fbref.com/en/players/f25c8e3a/Naby-Keita,120230270,Naby Ke?ta,GUI,MF,Liverpool,27,8,3,293,3.3,0,0,0,0,1,0,0.6,0.6,0.7,5,15,21
https://fbref.com/en/players/62d7ef38/Caoimhin-Kelleher,120230271,Caoimh?n Kelleher,IRL,GK,Liverpool,23,1,1,90,1.0,0,0,0,0,0,0,0.0,0.0,0.0,0,0,0
https://fbref.com/en/players/f31def1e/Lloyd-Kelly,120230272,Lloyd Kelly,ENG,DF,Bournemouth,23,23,23,2040,22.7,0,2,0,0,3,0,0.2,0.2,0.5,14,47,10
https://fbref.com/en/players/d0f72bf1/Max-Kilman,120230273,Max Kilman,ENG,DF,Wolves,25,37,37,3307,36.7,0,0,0,0,3,0,1.3,1.3,0.2,30,127,5
https://fbref.com/en/players/dc3e663e/Jakub-Kiwior,120230274,Jakub Kiwior,POL,DF,Arsenal,22,7,5,427,4.7,1,0,0,0,0,0,0.1,0.1,0.0,0,6,6
https://fbref.com/en/players/282679b4/Mateusz-Klich,120230275,Mateusz Klich,POL,MF,Leeds United,32,14,0,280,3.1,0,0,0,0,2,0,0.2,0.2,0.2,5,16,21
https://fbref.com/en/players/ea6bc03a/Robin-Koch,120230276,Robin Koch,GER,DF,Leeds United,26,36,36,3175,35.3,0,0,0,0,7,0,1.5,1.5,0.4,11,114,11
https://fbref.com/en/players/5ed9b537/Ibrahima-Konate,120230277,Ibrahima Konat?,FRA,DF,Liverpool,23,18,17,1552,17.2,0,0,0,0,5,0,1.1,1.1,0.1,7,56,5
https://fbref.com/en/players/0313a347/Ezri-Konsa,120230278,Ezri Konsa,ENG,DF,Aston Villa,24,38,37,3322,36.9,0,0,0,0,6,0,1.1,1.1,1.3,7,56,11
https://fbref.com/en/players/da974c7b/Kalidou-Koulibaly,120230279,Kalidou Koulibaly,SEN,DF,Chelsea,31,23,20,1800,20.0,2,1,0,0,7,1,0.9,0.9,0.4,10,81,4
https://fbref.com/en/players/8d3c902d/Cheikhou-Kouyate,120230280,Cheikhou Kouyat?,SEN,MF,Nott'ham Forest,32,21,10,882,9.8,1,0,0,0,3,0,0.4,0.4,0.7,7,19,14
https://fbref.com/en/players/79c0821a/Mateo-Kovacic,120230281,Mateo Kova?i?,CRO,MF,Chelsea,28,27,17,1707,19.0,1,2,0,0,8,0,1.8,1.8,2.1,37,153,30
https://fbref.com/en/players/77cf6852/Emil-Krafth,120230282,Emil Krafth,SWE,DF,Newcastle Utd,27,1,0,1,0.0,0,0,0,0,0,0,0.0,0.0,0.0,0,0,0
https://fbref.com/en/players/39769cff/Rasmus-Kristensen,120230283,Rasmus Kristensen,DEN,DF,Leeds United,25,26,21,1960,21.8,3,1,0,0,4,0,0.8,0.8,1.0,15,89,70
https://fbref.com/en/players/df3cda47/Dejan-Kulusevski,120230284,Dejan Kulusevski,SWE,MF,Tottenham,22,30,23,2067,23.0,2,7,0,0,2,0,2.5,2.5,4.6,87,67,195
https://fbref.com/en/players/41e7ef1c/Layvin-Kurzawa,120230285,Layvin Kurzawa,FRA,DF,Fulham,29,3,2,135,1.5,0,0,0,0,1,0,0.0,0.0,0.0,1,2,2
https://fbref.com/en/players/99813635/Adam-Lallana,120230286,Adam Lallana,ENG,MF,Brighton,34,16,12,722,8.0,2,1,0,0,0,0,0.9,0.9,1.0,10,33,43
https://fbref.com/en/players/f4e433d4/Tariq-Lamptey,120230287,Tariq Lamptey,GHA,DF,Brighton,21,20,3,453,5.0,0,0,0,0,1,0,0.2,0.2,0.2,28,26,58
https://fbref.com/en/players/26f6dca8/Manuel-Lanzini,120230288,Manuel Lanzini,ARG,MF,West Ham,29,10,2,252,2.8,1,0,0,0,0,0,0.5,0.5,0.2,2,19,6
https://fbref.com/en/players/119b9a8e/Aymeric-Laporte,120230289,Aymeric Laporte,ESP,DF,Manchester City,28,12,11,993,11.0,0,0,0,0,0,0,0.5,0.5,0.2,30,85,11
https://fbref.com/en/players/cf7fb13a/Juan-Larios,120230290,Juan Larios,ESP,DF,Southampton,18,5,2,152,1.7,0,0,0,0,0,0,0.0,0.0,0.0,10,4,1
https://fbref.com/en/players/450ab6fc/Jamaal-Lascelles,120230291,Jamaal Lascelles,ENG,DF,Newcastle Utd,28,7,2,218,2.4,0,0,0,0,4,0,0.1,0.1,0.0,0,3,0
https://fbref.com/en/players/ecad9aa5/Romeo-Lavia,120230292,Rom?o Lavia,BEL,MF,Southampton,18,29,26,2221,24.7,1,0,0,0,9,0,0.4,0.4,0.6,22,102,14
https://fbref.com/en/players/0bdda685/Dexter-Lembikisa,120230293,Dexter Lembikisa,JAM,DF,Wolves,18,1,0,23,0.3,0,0,0,0,0,0,0.0,0.0,0.0,2,3,3
https://fbref.com/en/players/2b471f99/Mario-Lemina,120230294,Mario Lemina,GAB,MF,Wolves,28,19,17,1299,14.4,0,1,0,0,4,1,0.3,0.3,0.3,6,42,9
https://fbref.com/en/players/4f28a6ff/Clement-Lenglet,120230295,Cl?ment Lenglet,FRA,DF,Tottenham,27,26,24,2019,22.4,0,2,0,0,4,0,1.0,1.0,0.6,33,85,7
https://fbref.com/en/players/2628fd2b/Bernd-Leno,120230296,Bernd Leno,GER,GK,Fulham,30,36,36,3240,36.0,0,0,0,0,3,0,0.0,0.0,0.0,0,0,0
https://fbref.com/en/players/9b5ce51a/Jefferson-Lerma,120230297,Jefferson Lerma,COL,MF,Bournemouth,27,37,37,3252,36.1,5,0,0,0,7,0,2.6,2.6,2.3,22,142,30
https://fbref.com/en/players/efb9215a/Jamal-Lewis,120230298,Jamal Lewis,NIR,DF,Newcastle Utd,24,2,0,11,0.1,0,0,0,0,0,0,0.0,0.0,0.0,0,1,1
https://fbref.com/en/players/b57e066e/Rico-Lewis,120230299,Rico Lewis,ENG,DF,Manchester City,17,14,10,903,10.0,0,0,0,0,1,0,0.2,0.2,1.5,22,48,26
https://fbref.com/en/players/41f08ac8/Keane-Lewis-Potter,120230300,Keane Lewis-Potter,ENG,FW,Brentford,21,10,3,321,3.6,0,1,0,0,0,0,0.5,0.5,1.2,8,6,39
https://fbref.com/en/players/f5deef4c/Victor-Lindelof,120230301,Victor Lindel?f,SWE,DF,Manchester Utd,28,20,14,1365,15.2,0,0,0,0,1,0,0.3,0.3,0.1,3,36,1
https://fbref.com/en/players/810e3c74/Jesse-Lingard,120230302,Jesse Lingard,ENG,FW,Nott'ham Forest,29,17,12,923,10.3,0,0,0,0,1,0,1.0,1.0,0.7,11,33,38
https://fbref.com/en/players/afed6722/Valentino-Livramento,120230303,Valentino Livramento,ENG,DF,Southampton,19,2,0,28,0.3,0,0,0,0,0,0,0.0,0.0,0.0,0,0,0
https://fbref.com/en/players/bba30585/Diego-Llorente,120230304,Diego Llorente,ESP,DF,Leeds United,28,8,7,649,7.2,0,0,0,0,1,0,0.7,0.7,0.0,2,27,1
https://fbref.com/en/players/8f62b6ee/Hugo-Lloris,120230305,Hugo Lloris,FRA,GK,Tottenham,35,25,25,2205,24.5,0,0,0,0,0,0,0.0,0.0,0.0,0,0,0
https://fbref.com/en/players/ed9f7cfe/Renan-Lodi,120230306,Renan Lodi,BRA,DF,Nott'ham Forest,24,28,26,2214,24.6,0,1,0,0,7,0,1.0,1.0,1.2,24,31,70
https://fbref.com/en/players/e97fd090/Ruben-Loftus-Cheek,120230307,Ruben Loftus-Cheek,ENG,MF,Chelsea,26,25,19,1536,17.1,0,1,0,0,1,0,0.8,0.8,1.5,56,90,86
https://fbref.com/en/players/a2b105e0/Sean-Longstaff,120230308,Sean Longstaff,ENG,MF,Newcastle Utd,24,33,28,2518,28.0,1,4,0,0,2,0,3.6,3.6,3.3,21,116,115
https://fbref.com/en/players/b2856bc0/Jamal-Lowe,120230309,Jamal Lowe,JAM,MF,Bournemouth,28,2,0,12,0.1,0,0,0,0,0,0,0.0,0.0,0.0,0,1,0
https://fbref.com/en/players/6f7d826d/Douglas-Luiz,120230310,Douglas Luiz,BRA,MF,Aston Villa,24,37,33,2927,32.5,6,6,0,0,6,1,2.8,2.8,4.4,48,148,35
https://fbref.com/en/players/c6e8cf1f/Sasa-Lukic,120230311,Sa?a Luki?,SRB,MF,Fulham,25,12,4,412,4.6,0,0,0,0,1,0,0.1,0.1,0.0,8,13,5
https://fbref.com/en/players/b5bf1770/Lyanco,120230312,Lyanco,BRA,DF,Southampton,25,21,11,1180,13.1,1,1,0,0,4,0,0.6,0.6,0.5,13,35,4
https://fbref.com/en/players/83d074ff/Alexis-Mac-Allister,120230313,Alexis Mac Allister,ARG,MF,Brighton,23,35,31,2886,32.1,10,2,6,6,8,0,12.1,7.3,4.3,69,174,77
https://fbref.com/en/players/ee38d9c5/James-Maddison,120230314,James Maddison,ENG,MF,Leicester City,25,30,28,2480,27.6,10,9,1,2,10,0,8.7,6.6,9.3,77,151,155
https://fbref.com/en/players/bf34eebd/Noni-Madueke,120230315,Noni Madueke,ENG,FW,Chelsea,20,12,7,643,7.1,1,0,0,0,0,0,0.9,0.9,0.5,48,36,100
https://fbref.com/en/players/67ac5bb8/Gabriel-Magalhaes,120230316,Gabriel Magalh?es,BRA,DF,Arsenal,24,38,38,3409,37.9,3,0,0,0,5,0,5.1,5.1,0.3,18,153,16
https://fbref.com/en/players/d8931174/Harry-Maguire,120230317,Harry Maguire,ENG,DF,Manchester Utd,29,16,8,767,8.5,0,0,0,0,4,0,0.3,0.3,0.0,8,26,4
https://fbref.com/en/players/892d5bb1/Riyad-Mahrez,120230318,Riyad Mahrez,ALG,FW,Manchester City,31,30,22,1920,21.3,5,10,1,1,2,0,5.6,4.8,7.0,78,76,242
https://fbref.com/en/players/c6220452/Kobbie-Mainoo,120230319,Kobbie Mainoo,ENG,MF,Manchester Utd,17,1,0,11,0.1,0,0,0,0,0,0,0.0,0.0,0.0,2,1,1
https://fbref.com/en/players/e3a5814e/Ainsley-Maitland-Niles,120230320,Ainsley Maitland-Niles,ENG,DF,Southampton,24,22,13,1407,15.6,0,0,0,0,3,0,0.0,0.0,0.7,15,57,35
https://fbref.com/en/players/6b6c793c/Tyrell-Malacia,120230321,Tyrell Malacia,NED,DF,Manchester Utd,22,22,14,1396,15.5,0,0,0,0,6,0,0.2,0.2,0.7,19,44,33
https://fbref.com/en/players/a572e291/Orel-Mangala,120230322,Orel Mangala,BEL,MF,Nott'ham Forest,24,27,20,1550,17.2,1,1,0,0,3,0,0.6,0.6,0.4,14,43,8
https://fbref.com/en/players/758dd7f0/Javier-Manquillo,120230323,Javier Manquillo,ESP,DF,Newcastle Utd,28,4,0,37,0.4,0,0,0,0,0,0,0.0,0.0,0.0,2,4,1
https://fbref.com/en/players/3544641e/Sekou-Mara,120230324,Sekou Mara,FRA,FW,Southampton,20,22,4,555,6.2,1,2,0,0,1,0,1.0,1.0,0.8,7,7,27
https://fbref.com/en/players/bb5fbd2b/Solly-March,120230325,Solly March,ENG,FW,Brighton,28,33,31,2715,30.2,7,7,0,0,2,0,8.1,8.1,8.4,110,135,357
https://fbref.com/en/players/4d960fc3/Emiliano-Marcondes,120230326,Emiliano Marcondes,DEN,MF,Bournemouth,27,1,0,9,0.1,0,0,0,0,0,0,0.0,0.0,0.0,0,1,0
https://fbref.com/en/players/59878425/Marquinhos,120230327,Marquinhos,BRA,MF,Arsenal,19,1,0,1,0.0,0,0,0,0,0,0,0.0,0.0,0.0,0,0,0
https://fbref.com/en/players/8b788c01/Anthony-Martial,120230328,Anthony Martial,FRA,FW,Manchester Utd,26,21,11,978,10.9,6,2,1,1,0,0,6.2,5.5,1.4,18,35,87
https://fbref.com/en/players/48a5a5d6/Gabriel-Martinelli,120230329,Gabriel Martinelli,BRA,FW,Arsenal,21,36,34,2789,31.0,15,5,0,0,3,0,9.1,9.1,9.1,124,94,350
https://fbref.com/en/players/7956236f/Emiliano-Martinez,120230330,Emiliano Mart?nez,ARG,GK,Aston Villa,29,36,36,3139,34.9,0,0,0,0,7,0,0.0,0.0,0.3,0,0,0
https://fbref.com/en/players/bac46a10/Lisandro-Martinez,120230331,Lisandro Mart?nez,ARG,DF,Manchester Utd,24,27,24,2114,23.5,1,0,0,0,6,0,0.5,0.5,0.3,12,83,2
https://fbref.com/en/players/feb5d972/Pape-Matar-Sarr,120230332,Pape Matar Sarr,SEN,MF,Tottenham,19,11,2,218,2.4,0,1,0,0,1,0,0.1,0.1,0.3,1,13,0
https://fbref.com/en/players/50e6dc35/Jean-Philippe-Mateta,120230333,Jean-Philippe Mateta,FRA,FW,Crystal Palace,25,29,6,770,8.6,2,0,0,0,3,0,3.4,3.4,0.6,9,6,43
https://fbref.com/en/players/b217ef29/Joel-Matip,120230334,Jo?l Matip,CMR,DF,Liverpool,30,14,12,1092,12.1,1,0,0,0,3,0,0.7,0.7,0.3,28,59,2
https://fbref.com/en/players/4bcf39f6/Neal-Maupay,120230335,Neal Maupay,FRA,FW,Everton,25,27,11,1118,12.4,1,0,0,0,4,0,4.8,4.8,0.6,8,11,61
https://fbref.com/en/players/493924a7/Kevin-Mbabu,120230336,Kevin Mbabu,SUI,DF,Fulham,27,6,1,144,1.6,0,1,0,0,1,0,0.0,0.0,0.4,4,8,11
https://fbref.com/en/players/6afaebf2/Bryan-Mbeumo,120230337,Bryan Mbeumo,CMR,FW,Brentford,22,38,36,2906,32.3,9,8,1,1,5,0,9.6,8.8,7.5,66,88,235
https://fbref.com/en/players/cee31595/James-McArthur,120230338,James McArthur,SCO,MF,Crystal Palace,34,4,0,54,0.6,0,0,0,0,0,0,0.0,0.0,0.0,0,1,0
https://fbref.com/en/players/36c2ca73/Alex-McCarthy,120230339,Alex McCarthy,ENG,GK,Southampton,32,6,6,540,6.0,0,0,0,0,0,0,0.0,0.0,0.0,0,0,0
https://fbref.com/en/players/90f91999/John-McGinn,120230340,John McGinn,SCO,MF,Aston Villa,27,34,30,2693,29.9,1,3,0,0,7,0,2.4,2.4,2.6,34,140,66
https://fbref.com/en/players/4e5a4cbc/Scott-McKenna,120230341,Scott McKenna,SCO,DF,Nott'ham Forest,25,20,19,1571,17.5,0,0,0,0,4,0,0.1,0.1,1.0,5,35,2
https://fbref.com/en/players/01c3aff5/Weston-McKennie,120230342,Weston McKennie,USA,MF,Leeds United,23,19,16,1437,16.0,0,1,0,0,7,0,0.8,0.8,0.7,14,82,33
https://fbref.com/en/players/fc15fb84/Dwight-McNeil,120230343,Dwight McNeil,ENG,FW,Everton,22,36,28,2498,27.8,7,3,0,0,5,0,3.5,3.5,6.1,76,69,128
https://fbref.com/en/players/d93c2511/Scott-McTominay,120230344,Scott McTominay,SCO,MF,Manchester Utd,25,24,10,1160,12.9,1,0,0,0,8,0,1.9,1.9,0.6,20,33,19
https://fbref.com/en/players/8df7a2fb/Ben-Mee,120230345,Ben Mee,ENG,DF,Brentford,32,37,37,3269,36.3,3,1,0,0,2,0,3.1,3.1,1.3,8,84,14
https://fbref.com/en/players/33887998/Edouard-Mendy,120230346,Edouard Mendy,SEN,GK,Chelsea,30,10,9,855,9.5,0,0,0,0,1,0,0.0,0.0,0.0,0,0,0
https://fbref.com/en/players/1598599e/Nampalys-Mendy,120230347,Nampalys Mendy,SEN,MF,Leicester City,30,19,7,757,8.4,1,0,0,0,1,0,0.1,0.1,0.0,2,28,4
https://fbref.com/en/players/fed96827/Chris-Mepham,120230348,Chris Mepham,WAL,DF,Bournemouth,24,26,24,2199,24.4,0,0,0,0,7,0,0.7,0.7,0.2,2,42,1
https://fbref.com/en/players/6b625ac2/Illan-Meslier,120230349,Illan Meslier,FRA,GK,Leeds United,22,34,34,3060,34.0,0,0,0,0,3,0,0.1,0.1,0.0,0,0,0
https://fbref.com/en/players/10ec4169/Alex-Mighten,120230350,Alex Mighten,ENG,FW,Nott'ham Forest,20,1,0,8,0.1,0,0,0,0,0,0,0.0,0.0,0.0,0,0,1
https://fbref.com/en/players/2c6835e5/Lewis-Miley,120230351,Lewis Miley,ENG,MF,Newcastle Utd,16,1,0,15,0.2,0,0,0,0,0,0,0.1,0.1,0.0,0,0,0
https://fbref.com/en/players/2ce2508a/Luka-Milivojevic,120230352,Luka Milivojevi?,SRB,MF,Crystal Palace,31,18,5,512,5.7,0,0,0,0,2,0,0.3,0.3,0.2,2,20,2
https://fbref.com/en/players/2f90f6b8/James-Milner,120230353,James Milner,ENG,MF,Liverpool,36,31,7,913,10.1,0,1,0,0,2,0,0.4,0.4,0.9,21,70,78
https://fbref.com/en/players/6d5701f2/Yerry-Mina,120230354,Yerry Mina,COL,DF,Everton,27,7,7,594,6.6,2,0,0,0,2,0,1.5,1.5,0.1,1,13,3
https://fbref.com/en/players/8397a50c/Tyrone-Mings,120230355,Tyrone Mings,ENG,DF,Aston Villa,29,35,35,3150,35.0,1,2,0,0,7,0,1.2,1.2,1.4,20,111,7
https://fbref.com/en/players/5cbd1eb0/Tyrick-Mitchell,120230356,Tyrick Mitchell,ENG,DF,Crystal Palace,22,36,34,2891,32.1,0,2,0,0,5,1,0.6,0.6,1.2,23,106,90
https://fbref.com/en/players/74618572/Kaoru-Mitoma,120230357,Kaoru Mitoma,JPN,FW,Brighton,25,33,24,2318,25.8,7,5,0,0,0,0,8.1,8.1,6.4,143,90,260
https://fbref.com/en/players/3925dbd6/Aleksandar-Mitrovic,120230358,Aleksandar Mitrovi?,SRB,FW,Fulham,27,24,23,2008,22.3,14,1,4,8,7,0,14.9,8.6,2.3,24,44,97
https://fbref.com/en/players/01ce9e70/Kieffer-Moore,120230359,Kieffer Moore,WAL,FW,Bournemouth,29,27,12,1279,14.2,4,0,0,0,1,0,4.4,4.4,0.3,10,23,56
https://fbref.com/en/players/c4720845/Andrew-Moran,120230360,Andrew Moran,IRL,FW,Brighton,18,1,0,12,0.1,0,0,0,0,0,0,0.0,0.0,0.0,0,0,1
https://fbref.com/en/players/16e9d0ea/Alex-Moreno,120230361,?lex Moreno,ESP,DF,Aston Villa,29,19,14,1329,14.8,0,3,0,0,3,0,0.6,0.6,3.0,65,37,122
https://fbref.com/en/players/9674002f/Mason-Mount,120230362,Mason Mount,ENG,MF,Chelsea,23,24,20,1648,18.3,3,2,0,0,4,0,2.0,2.0,3.0,48,98,114
https://fbref.com/en/players/2b622f01/Lucas-Moura,120230363,Lucas Moura,BRA,MF,Tottenham,29,15,0,153,1.7,1,0,0,0,0,1,0.5,0.5,0.3,4,13,15
https://fbref.com/en/players/f5a00fa4/Joao-Moutinho,120230364,Jo?o Moutinho,POR,MF,Wolves,35,31,20,1780,19.8,0,2,0,0,3,0,1.3,1.3,2.6,23,132,32
https://fbref.com/en/players/92868cb5/Divin-Mubama,120230365,Divin Mubama,ENG,FW,West Ham,17,3,0,38,0.4,0,0,0,0,0,0,0.0,0.0,0.0,0,0,1
https://fbref.com/en/players/049a888d/Mykhailo-Mudryk,120230366,Mykhailo Mudryk,UKR,FW,Chelsea,21,15,7,657,7.3,0,2,0,0,1,0,1.9,1.9,0.9,25,20,43
https://fbref.com/en/players/de112b84/Jacob-Murphy,120230367,Jacob Murphy,ENG,FW,Newcastle Utd,27,36,14,1251,13.9,4,2,0,0,0,0,3.3,3.3,2.8,67,57,141
https://fbref.com/en/players/1d5cab82/Enock-Mwepu,120230368,Enock Mwepu,ZAM,FW,Brighton,24,6,2,213,2.4,0,1,0,0,0,0,0.2,0.2,0.5,5,6,17
https://fbref.com/en/players/30d4a2e5/Vitaliy-Mykolenko,120230369,Vitaliy Mykolenko,UKR,DF,Everton,23,34,30,2655,29.5,0,0,0,0,4,0,0.5,0.5,1.2,31,100,72
https://fbref.com/en/players/ecada4fc/Keylor-Navas,120230370,Keylor Navas,CRC,GK,Nott'ham Forest,35,17,17,1529,17.0,0,0,0,0,2,0,0.0,0.0,0.0,0,1,0
https://fbref.com/en/players/6b47c5db/Wilfred-Ndidi,120230371,Wilfred Ndidi,NGA,MF,Leicester City,25,27,19,1679,18.7,0,0,0,0,4,0,0.2,0.2,0.1,11,51,7
https://fbref.com/en/players/c5bdb6e3/Reiss-Nelson,120230372,Reiss Nelson,ENG,FW,Arsenal,22,11,0,212,2.4,3,2,0,0,0,0,1.1,1.1,1.4,19,6,34
https://fbref.com/en/players/a9dc785c/Neto,120230373,Neto,BRA,GK,Bournemouth,33,27,27,2385,26.5,0,0,0,0,4,0,0.0,0.0,0.0,0,0,0
https://fbref.com/en/players/7ba2eaa9/Pedro-Neto,120230374,Pedro Neto,POR,FW,Wolves,22,18,13,964,10.7,0,0,0,0,1,0,1.1,1.1,2.1,37,24,111
https://fbref.com/en/players/44bfb6c5/Ruben-Neves,120230375,R?ben Neves,POR,MF,Wolves,25,35,33,3019,33.5,6,1,3,3,12,0,5.2,2.8,1.6,28,218,18
https://fbref.com/en/players/00242715/Moussa-Niakhate,120230376,Moussa Niakhate,SEN,DF,Nott'ham Forest,26,14,14,1163,12.9,0,0,0,0,1,0,0.6,0.6,0.1,2,15,3
https://fbref.com/en/players/a53649b7/Eddie-Nketiah,120230377,Eddie Nketiah,ENG,FW,Arsenal,23,30,9,1089,12.1,4,1,0,0,3,0,8.2,8.2,1.1,32,15,82
https://fbref.com/en/players/e6af02e0/Matheus-Nunes,120230378,Matheus Nunes,POR,MF,Wolves,23,34,30,2467,27.4,1,1,0,0,2,1,2.4,2.4,2.2,59,84,129
https://fbref.com/en/players/4d77b365/Darwin-Nunez,120230379,Darwin N??ez,URU,FW,Liverpool,23,29,19,1695,18.8,9,3,0,0,1,1,11.6,11.6,5.4,61,29,181
https://fbref.com/en/players/7f94982c/Ethan-Nwaneri,120230380,Ethan Nwaneri,ENG,FW,Arsenal,15,1,0,1,0.0,0,0,0,0,0,0,0.0,0.0,0.0,0,0,0
https://fbref.com/en/players/df0a4c90/Christian-Norgaard,120230381,Christian N?rgaard,DEN,MF,Brentford,28,22,21,1763,19.6,1,3,0,0,6,0,1.6,1.6,3.1,4,73,8
https://fbref.com/en/players/089667a5/Lewis-OBrien,120230382,Lewis O'Brien,ENG,MF,Nott'ham Forest,23,13,6,584,6.5,1,0,0,0,2,0,0.3,0.3,0.2,13,21,3
https://fbref.com/en/players/65c3efa2/Odeluga-Offiah,120230383,Odeluga Offiah,ENG,DF,Brighton,19,2,0,25,0.3,0,0,0,0,0,0,0.0,0.0,0.0,1,1,1
https://fbref.com/en/players/74b2cd7e/Angelo-Ogbonna,120230384,Angelo Ogbonna,ITA,DF,West Ham,34,16,13,1237,13.7,0,0,0,0,0,0,0.3,0.3,0.2,0,11,2
https://fbref.com/en/players/c4486bac/Michael-Olise,120230385,Michael Olise,FRA,FW,Crystal Palace,20,37,31,2749,30.5,2,11,0,0,2,0,2.9,2.9,8.7,111,133,243
https://fbref.com/en/players/e7ee38c3/Robin-Olsen,120230386,Robin Olsen,SWE,GK,Aston Villa,32,4,2,281,3.1,0,0,0,0,0,0,0.0,0.0,0.0,0,0,0
https://fbref.com/en/players/828657ff/Amadou-Onana,120230387,Amadou Onana,BEL,MF,Everton,20,33,29,2488,27.6,1,2,0,0,9,0,3.0,3.0,2.6,27,79,49
https://fbref.com/en/players/6612cd8c/Josh-Onomah,120230388,Josh Onomah,ENG,MF,Fulham,25,2,0,15,0.2,0,0,0,0,0,0,0.0,0.0,0.0,1,0,0
https://fbref.com/en/players/c06d1086/Paul-Onuachu,120230389,Paul Onuachu,NGA,FW,Southampton,28,11,4,407,4.5,0,0,0,0,0,0,1.3,1.3,0.1,1,7,22
https://fbref.com/en/players/2944f86f/Frank-Onyeka,120230390,Frank Onyeka,NGA,MF,Brentford,24,21,8,848,9.4,0,2,0,0,0,0,1.0,1.0,0.6,9,28,21
https://fbref.com/en/players/ee950928/Mislav-Orsic,120230391,Mislav Or?i?,CRO,MF,Southampton,29,1,0,7,0.1,0,0,0,0,0,0,0.0,0.0,0.0,0,0,0
https://fbref.com/en/players/c1242d4e/Stefan-Ortega,120230392,Stefan Ortega,GER,GK,Manchester City,29,3,3,270,3.0,0,0,0,0,0,0,0.0,0.0,0.0,0,0,0
https://fbref.com/en/players/2f9e4435/Dango-Ouattara,120230393,Dango Ouattara,BFA,MF,Bournemouth,20,19,15,1241,13.8,1,3,0,0,1,0,3.6,3.6,2.5,39,23,87
https://fbref.com/en/players/38c7feef/Alex-Oxlade-Chamberlain,120230394,Alex Oxlade-Chamberlain,ENG,FW,Liverpool,28,9,4,335,3.7,1,0,0,0,0,0,1.2,1.2,0.6,11,14,28
https://fbref.com/en/players/d00d45ab/David-Ozoh,120230395,David Ozoh,ENG,FW,Crystal Palace,17,1,0,1,0.0,0,0,0,0,0,0,0.0,0.0,0.0,0,0,0
https://fbref.com/en/players/a78ff07f/Joao-Palhinha,120230396,Jo?o Palhinha,POR,MF,Fulham,27,35,35,3108,34.5,3,0,0,0,14,0,2.9,2.9,0.4,8,101,18
https://fbref.com/en/players/dc7f8a28/Cole-Palmer,120230397,Cole Palmer,ENG,MF,Manchester City,20,14,2,370,4.1,0,1,0,0,1,0,1.2,1.2,0.6,29,13,40
https://fbref.com/en/players/e0bc6fdc/Emerson-Palmieri,120230398,Emerson Palmieri,ITA,DF,West Ham,27,22,16,1320,14.7,1,0,0,0,2,0,0.8,0.8,0.9,39,45,57
https://fbref.com/en/players/9b6f7fd5/Lucas-Paqueta,120230399,Lucas Paquet?,BRA,MF,West Ham,24,28,27,2151,23.9,4,3,1,1,5,0,4.4,3.6,2.5,25,147,63
https://fbref.com/en/players/529f49ab/Thomas-Partey,120230400,Thomas Partey,GHA,MF,Arsenal,29,33,28,2483,27.6,3,0,0,0,5,0,2.2,2.2,1.5,34,231,35
https://fbref.com/en/players/230f0471/Nathan-Patterson,120230401,Nathan Patterson,SCO,DF,Everton,20,19,14,1279,14.2,0,0,0,0,3,0,0.5,0.5,0.4,16,24,51
https://fbref.com/en/players/a6b461e7/Ben-Pearson,120230402,Ben Pearson,ENG,MF,Bournemouth,27,7,3,286,3.2,0,0,0,0,1,0,0.0,0.0,0.0,2,5,4
https://fbref.com/en/players/ac7e7b1c/Facundo-Pellistri,120230403,Facundo Pellistri,URU,FW,Manchester Utd,20,4,0,64,0.7,0,0,0,0,0,0,0.0,0.0,0.0,1,1,2
https://fbref.com/en/players/6639e500/Andreas-Pereira,120230404,Andreas Pereira,BRA,MF,Fulham,26,33,33,2692,29.9,4,6,1,1,8,0,7.3,6.5,5.2,53,121,133
https://fbref.com/en/players/75a72a99/Ricardo-Pereira,120230405,Ricardo Pereira,POR,DF,Leicester City,28,10,5,454,5.0,1,1,0,0,2,0,0.1,0.1,0.6,5,27,14
https://fbref.com/en/players/819aa8e7/Ayoze-Perez,120230406,Ayoze P?rez,ESP,MF,Leicester City,29,8,3,382,4.2,0,1,0,0,0,0,1.1,1.1,1.5,17,20,43
https://fbref.com/en/players/6fe90922/Ivan-Perisic,120230407,Ivan Peri?i?,CRO,DF,Tottenham,33,34,23,2108,23.4,1,8,0,0,6,0,2.6,2.6,6.1,87,61,181
https://fbref.com/en/players/6dfd8f05/Romain-Perraud,120230408,Romain Perraud,FRA,DF,Southampton,24,29,22,1835,20.4,2,2,0,0,4,0,1.3,1.3,1.9,33,62,122
https://fbref.com/en/players/53552942/Maximo-Perrone,120230409,M?ximo Perrone,ARG,MF,Manchester City,19,1,0,19,0.2,0,0,0,0,0,0,0.0,0.0,0.0,0,2,1
https://fbref.com/en/players/0bdeb013/Cameron-Peupion,120230410,Cameron Peupion,AUS,MF,Brighton,19,1,0,6,0.1,0,0,0,0,0,0,0.1,0.1,0.0,0,0,2
https://fbref.com/en/players/4f565d77/Kalvin-Phillips,120230411,Kalvin Phillips,ENG,MF,Manchester City,26,12,2,300,3.3,0,0,0,0,1,0,0.3,0.3,0.2,1,18,2
https://fbref.com/en/players/515ebe8d/Nathaniel-Phillips,120230412,Nathaniel Phillips,ENG,DF,Liverpool,25,2,1,66,0.7,0,0,0,0,0,0,0.0,0.0,0.0,0,9,0
https://fbref.com/en/players/4806ec67/Jordan-Pickford,120230413,Jordan Pickford,ENG,GK,Everton,28,37,37,3330,37.0,0,1,0,0,6,0,0.0,0.0,0.1,0,2,0
https://fbref.com/en/players/e541326e/Ethan-Pinnock,120230414,Ethan Pinnock,JAM,DF,Brentford,29,30,30,2700,30.0,3,0,0,0,0,0,3.0,3.0,1.0,2,52,16
https://fbref.com/en/players/7fcc71d8/Daniel-Podence,120230415,Daniel Podence,POR,FW,Wolves,26,32,20,1771,19.7,6,0,0,0,5,0,3.9,3.9,2.5,43,95,148
https://fbref.com/en/players/4b40d9ca/Nick-Pope,120230416,Nick Pope,ENG,GK,Newcastle Utd,30,37,37,3261,36.2,0,0,0,0,3,1,0.0,0.0,0.1,0,1,0
https://fbref.com/en/players/27d0a506/Pedro-Porro,120230417,Pedro Porro,ESP,DF,Tottenham,22,15,13,1131,12.6,3,3,0,0,0,0,1.8,1.8,3.0,34,39,95
https://fbref.com/en/players/86695068/Dennis-Praet,120230418,Dennis Praet,BEL,MF,Leicester City,28,22,6,649,7.2,1,0,0,0,1,0,1.0,1.0,0.5,15,17,42
https://fbref.com/en/players/b9403c99/Isaac-Price,120230419,Isaac Price,NIR,MF,Everton,18,1,0,33,0.4,0,0,0,0,1,0,0.0,0.0,0.1,1,1,0
https://fbref.com/en/players/1bf33a9a/Christian-Pulisic,120230420,Christian Pulisic,USA,FW,Chelsea,23,24,8,821,9.1,1,1,0,0,1,0,1.7,1.7,0.7,35,23,76
https://fbref.com/en/players/466fb2c5/Aaron-Ramsdale,120230421,Aaron Ramsdale,ENG,GK,Arsenal,24,38,38,3420,38.0,0,0,0,0,1,0,0.0,0.0,0.0,0,8,0
https://fbref.com/en/players/1544f145/Jacob-Ramsey,120230422,Jacob Ramsey,ENG,MF,Aston Villa,21,35,31,2636,29.3,6,7,0,0,5,0,5.0,5.0,5.1,94,98,119
https://fbref.com/en/players/a1d5bd30/Marcus-Rashford,120230423,Marcus Rashford,ENG,FW,Manchester Utd,24,35,32,2879,32.0,17,5,0,0,2,0,15.4,15.4,3.4,85,88,245
https://fbref.com/en/players/98ea5115/David-Raya,120230424,David Raya,ESP,GK,Brentford,26,38,38,3420,38.0,0,0,0,0,1,0,0.1,0.1,0.1,0,13,0
https://fbref.com/en/players/28b40c9c/Tim-Ream,120230425,Tim Ream,USA,DF,Fulham,34,33,33,2897,32.2,1,0,0,0,2,0,0.3,0.3,0.1,28,142,2
https://fbref.com/en/players/ab651565/Nathan-Redmond,120230426,Nathan Redmond,ENG,DF,Southampton,28,1,0,1,0.0,0,0,0,0,0,0,0.0,0.0,0.0,0,0,1
https://fbref.com/en/players/803ae100/Harrison-Reed,120230427,Harrison Reed,ENG,MF,Fulham,27,37,35,2866,31.8,3,4,0,0,5,0,1.9,1.9,4.1,30,102,107
https://fbref.com/en/players/0f7533cd/Bobby-Reid,120230428,Bobby Reid,JAM,FW,Fulham,29,36,29,2475,27.5,4,1,0,0,8,0,3.9,3.9,1.7,46,63,186
https://fbref.com/en/players/1c7012b8/Declan-Rice,120230429,Declan Rice,ENG,MF,West Ham,23,37,36,3273,36.4,4,1,0,1,5,0,2.4,1.6,3.2,89,240,37
https://fbref.com/en/players/0a3d6d2b/Chris-Richards,120230430,Chris Richards,USA,DF,Crystal Palace,22,9,4,447,5.0,0,0,0,0,0,0,0.7,0.7,0.3,4,14,3
https://fbref.com/en/players/fa031b34/Richarlison,120230431,Richarlison,BRA,MF,Tottenham,25,27,12,1010,11.2,1,3,0,0,3,0,3.3,3.3,2.2,33,28,75
https://fbref.com/en/players/7a1f2c08/Jairo-Riedewald,120230432,Ja?ro Riedewald,NED,DF,Crystal Palace,25,6,0,64,0.7,0,0,0,0,0,0,0.1,0.1,0.0,1,1,1
https://fbref.com/en/players/71ef519e/Matt-Ritchie,120230433,Matt Ritchie,SCO,FW,Newcastle Utd,32,7,0,39,0.4,0,0,0,0,0,0,0.0,0.0,0.1,1,1,9
https://fbref.com/en/players/2e4f5f03/Andrew-Robertson,120230434,Andrew Robertson,SCO,DF,Liverpool,28,34,29,2583,28.7,0,8,0,0,3,0,1.3,1.3,6.1,80,166,194
https://fbref.com/en/players/289601e6/Antonee-Robinson,120230435,Antonee Robinson,USA,DF,Fulham,24,35,35,3088,34.3,0,1,0,0,8,0,0.1,0.1,1.3,113,129,153
https://fbref.com/en/players/cda0b317/Joel-Robles,120230436,Joel Robles,ESP,GK,Leeds United,32,4,4,360,4.0,0,0,0,0,1,0,0.0,0.0,0.0,0,0,0
https://fbref.com/en/players/da27e268/Marc-Roca,120230437,Marc Roca,ESP,MF,Leeds United,25,32,29,2315,25.7,1,2,0,0,7,0,2.1,2.1,2.9,25,172,28
https://fbref.com/en/players/17acc2ed/Marek-Rodak,120230438,Marek Rod?k,SVK,GK,Fulham,25,2,2,180,2.0,0,0,0,0,0,0,0.0,0.0,0.0,0,0,0
https://fbref.com/en/players/6434f10d/Rodri,120230439,Rodri,ESP,MF,Manchester City,26,36,34,2911,32.3,2,6,0,0,5,0,4.6,4.6,4.1,76,260,37
https://fbref.com/en/players/1fb1c435/Rodrigo,120230440,Rodrigo,ESP,FW,Leeds United,31,31,23,1935,21.5,13,1,1,1,6,0,8.0,7.2,1.8,40,44,143
https://fbref.com/en/players/57c94db2/Mads-Roerslev,120230441,Mads Roerslev,DEN,DF,Brentford,23,20,12,1108,12.3,0,0,0,0,0,0,0.3,0.3,1.2,8,19,36
https://fbref.com/en/players/a3d94a58/Cristian-Romero,120230442,Cristian Romero,ARG,DF,Tottenham,24,27,26,2364,26.3,0,1,0,0,11,1,1.5,1.5,1.2,19,92,9
https://fbref.com/en/players/4b511457/Oriol-Romeu,120230443,Oriol Romeu,ESP,MF,Southampton,30,1,1,74,0.8,0,0,0,0,0,0,0.0,0.0,0.0,2,4,0
https://fbref.com/en/players/dea698d9/Cristiano-Ronaldo,120230444,Cristiano Ronaldo,POR,FW,Manchester Utd,37,10,4,525,5.8,1,0,0,0,2,0,1.9,1.9,0.4,9,12,33
https://fbref.com/en/players/1b804500/Connor-Ronan,120230445,Connor Ronan,IRL,MF,Wolves,24,1,0,1,0.0,0,0,0,0,0,0,0.0,0.0,0.0,0,0,1
https://fbref.com/en/players/b318a643/Salomon-Rondon,120230446,Salom?n Rond?n,VEN,FW,Everton,32,7,1,109,1.2,0,0,0,0,0,0,0.8,0.8,0.2,0,1,7
https://fbref.com/en/players/10a10454/Joe-Rothwell,120230447,Joe Rothwell,ENG,MF,Bournemouth,27,20,12,1016,11.3,0,1,0,0,1,0,0.1,0.1,1.0,12,33,12
https://fbref.com/en/players/c64c01fc/Georginio-Rutter,120230448,Georginio Rutter,FRA,FW,Leeds United,20,11,1,273,3.0,0,1,0,0,0,0,0.4,0.4,0.3,5,6,21
https://fbref.com/en/players/903b6e8b/Jose-Sa,120230449,Jos? S?,POR,GK,Wolves,29,36,36,3240,36.0,0,0,0,0,2,0,0.0,0.0,0.0,0,0,0
https://fbref.com/en/players/e280527c/Marcel-Sabitzer,120230450,Marcel Sabitzer,AUT,MF,Manchester Utd,28,11,7,627,7.0,0,1,0,0,1,0,0.7,0.7,0.9,8,38,26
https://fbref.com/en/players/2b16cb1a/Allan-Saint-Maximin,120230451,Allan Saint-Maximin,FRA,FW,Newcastle Utd,25,25,12,1120,12.4,1,5,0,0,1,0,1.6,1.6,4.6,93,69,111
https://fbref.com/en/players/bc7dc64d/Bukayo-Saka,120230452,Bukayo Saka,ENG,FW,Arsenal,20,38,37,3181,35.3,14,11,2,3,6,0,11.2,9.1,8.5,179,109,520
https://fbref.com/en/players/e342ad68/Mohamed-Salah,120230453,Mohamed Salah,EGY,FW,Liverpool,30,38,37,3290,36.6,19,12,2,4,2,0,21.6,18.5,7.2,120,149,421
https://fbref.com/en/players/972aeb2a/William-Saliba,120230454,William Saliba,FRA,DF,Arsenal,21,27,27,2415,26.8,2,1,0,0,4,0,0.9,0.9,1.2,13,99,2
https://fbref.com/en/players/0b33f6ad/Mohammed-Salisu,120230455,Mohammed Salisu,GHA,DF,Southampton,23,22,21,1973,21.9,0,1,0,0,5,0,1.5,1.5,0.6,5,82,4
https://fbref.com/en/players/1b4f1169/Albert-Sambi-Lokonga,120230456,Albert Sambi Lokonga,BEL,MF,Arsenal,22,6,2,198,2.2,0,0,0,0,0,0,0.0,0.0,0.0,0,12,2
https://fbref.com/en/players/1b4f1169/Albert-Sambi-Lokonga,120230457,Albert Sambi Lokonga1,BEL,MF,Crystal Palace,22,9,6,536,6.0,0,0,0,0,2,0,0.2,0.2,0.0,2,20,2
https://fbref.com/en/players/da7b447d/Davinson-Sanchez,120230458,Davinson S?nchez,COL,DF,Tottenham,26,18,8,858,9.5,0,0,0,0,1,0,0.6,0.6,0.4,5,35,4
https://fbref.com/en/players/6a713852/Robert-Sanchez,120230459,Robert S?nchez,ESP,GK,Brighton,24,23,23,2070,23.0,0,0,0,0,2,0,0.0,0.0,0.0,0,0,0
https://fbref.com/en/players/dbf053da/Jadon-Sancho,120230460,Jadon Sancho,ENG,FW,Manchester Utd,22,26,21,1686,18.7,6,3,0,0,0,0,4.2,4.2,5.0,88,76,173
https://fbref.com/en/players/6e7f1353/Morgan-Sanson,120230461,Morgan Sanson,FRA,MF,Aston Villa,27,2,0,11,0.1,0,0,0,0,0,0,0.0,0.0,0.0,0,1,0
https://fbref.com/en/players/9744ff80/Pablo-Sarabia,120230462,Pablo Sarabia,ESP,FW,Wolves,30,13,9,765,8.5,1,0,0,0,3,0,3.1,3.1,0.8,17,41,54
https://fbref.com/en/players/ac0d576d/Jeremy-Sarmiento,120230463,Jeremy Sarmiento,ECU,MF,Brighton,20,9,1,176,2.0,0,1,0,0,1,0,0.3,0.3,0.2,5,11,20
https://fbref.com/en/players/8790f988/Gianluca-Scamacca,120230464,Gianluca Scamacca,ITA,FW,West Ham,23,16,11,926,10.3,3,0,0,0,3,0,2.5,2.5,0.7,13,17,48
https://fbref.com/en/players/2964fd20/Gustavo-Scarpa,120230465,Gustavo Scarpa,BRA,MF,Nott'ham Forest,28,6,2,181,2.0,0,0,0,0,1,0,0.3,0.3,0.0,9,12,4
https://fbref.com/en/players/52afb588/Kevin-Schade,120230466,Kevin Schade,GER,FW,Brentford,20,18,7,732,8.1,0,1,0,0,2,0,2.1,2.1,1.1,24,15,57
https://fbref.com/en/players/c8aa95da/Fabian-Schar,120230467,Fabian Sch?r,SUI,DF,Newcastle Utd,30,36,36,3206,35.6,1,3,0,0,7,0,4.9,4.9,3.3,27,139,32
https://fbref.com/en/players/3312f911/Jeffrey-Schlupp,120230468,Jeffrey Schlupp,GHA,MF,Crystal Palace,29,34,30,2531,28.1,3,1,0,0,7,0,3.2,3.2,1.4,32,98,67
https://fbref.com/en/players/d04b94db/Nelson-Semedo,120230469,N?lson Semedo,POR,DF,Wolves,28,36,31,2632,29.2,0,1,0,0,11,1,0.4,0.4,0.7,50,110,147
https://fbref.com/en/players/efd2ec23/Antoine-Semenyo,120230470,Antoine Semenyo,GHA,FW,Bournemouth,22,11,2,258,2.9,1,0,0,0,0,0,0.3,0.3,0.1,5,5,11
https://fbref.com/en/players/35141f4c/Marcos-Senesi,120230471,Marcos Senesi,ARG,DF,Bournemouth,25,31,29,2491,27.7,2,0,0,0,7,0,1.6,1.6,0.5,9,66,3
https://fbref.com/en/players/6aa3e78b/Ryan-Sessegnon,120230472,Ryan Sessegnon,ENG,DF,Tottenham,22,17,9,813,9.0,2,0,0,0,4,0,1.6,1.6,1.1,24,22,64
https://fbref.com/en/players/9c94165b/Luke-Shaw,120230473,Luke Shaw,ENG,DF,Manchester Utd,27,31,30,2552,28.4,1,2,0,0,8,0,1.1,1.1,3.6,53,140,76
https://fbref.com/en/players/3727dd3c/Jonjo-Shelvey,120230474,Jonjo Shelvey,ENG,MF,Newcastle Utd,30,3,0,37,0.4,0,0,0,0,0,0,0.0,0.0,0.0,0,3,0
https://fbref.com/en/players/3727dd3c/Jonjo-Shelvey,120230475,Jonjo Shelvey1,ENG,MF,Nott'ham Forest,30,8,6,540,6.0,0,0,0,0,2,0,0.2,0.2,0.3,1,34,0
https://fbref.com/en/players/3eb22ec9/Bernardo-Silva,120230476,Bernardo Silva,POR,MF,Manchester City,27,34,24,2205,24.5,4,5,0,0,5,0,2.2,2.2,3.3,90,130,188
https://fbref.com/en/players/86e7deaf/Thiago-Silva,120230477,Thiago Silva,BRA,DF,Chelsea,37,27,26,2352,26.1,0,2,0,0,2,0,1.5,1.5,0.5,8,104,2
https://fbref.com/en/players/26d3b5be/Ellis-Simms,120230478,Ellis Simms,ENG,FW,Everton,21,11,2,228,2.5,1,0,0,0,0,0,0.9,0.9,0.1,2,4,19
https://fbref.com/en/players/8e16dd48/Luis-Sinisterra,120230479,Luis Sinisterra,COL,FW,Leeds United,23,19,13,867,9.6,5,0,0,0,3,1,3.7,3.7,0.4,30,39,84
https://fbref.com/en/players/6250083a/Oliver-Skipp,120230480,Oliver Skipp,ENG,MF,Tottenham,21,23,18,1491,16.6,1,0,0,0,7,0,0.3,0.3,0.6,14,56,25
https://fbref.com/en/players/20b104bc/Adam-Smith,120230481,Adam Smith,ENG,DF,Bournemouth,31,37,34,2943,32.7,0,1,0,0,11,0,0.5,0.5,1.3,28,83,54
https://fbref.com/en/players/17695062/Emile-Smith-Rowe,120230482,Emile Smith Rowe,ENG,MF,Arsenal,22,12,0,172,1.9,0,2,0,0,0,0,0.3,0.3,0.7,2,7,11
https://fbref.com/en/players/839c14e1/Cedric-Soares,120230483,C?dric Soares,POR,DF,Arsenal,30,2,0,29,0.3,0,0,0,0,0,0,0.0,0.0,0.0,1,3,0
https://fbref.com/en/players/839c14e1/Cedric-Soares,120230484,C?dric Soares1,POR,DF,Fulham,30,6,2,198,2.2,0,0,0,0,0,0,0.1,0.1,0.3,4,12,12
https://fbref.com/en/players/e77dc3b2/Dominic-Solanke,120230485,Dominic Solanke,ENG,FW,Bournemouth,24,33,32,2860,31.8,6,7,0,0,2,0,9.1,9.1,3.9,70,47,167
https://fbref.com/en/players/886f9aac/Manor-Solomon,120230486,Manor Solomon,ISR,FW,Fulham,23,19,4,572,6.4,4,0,0,0,0,0,1.3,1.3,0.4,16,24,51
https://fbref.com/en/players/6613c819/Tomas-Soucek,120230487,Tom?? Sou?ek,CZE,MF,West Ham,27,36,32,2815,31.3,2,3,0,0,3,0,4.0,4.0,1.9,11,88,52
https://fbref.com/en/players/ae59b359/Boubakary-Soumare,120230488,Boubakary Soumar?,FRA,MF,Leicester City,23,26,20,1629,18.1,0,0,0,0,9,0,0.0,0.0,0.4,17,73,20
https://fbref.com/en/players/0a6cb1b1/Harry-Souttar,120230489,Harry Souttar,AUS,DF,Leicester City,23,12,11,992,11.0,0,1,0,0,2,0,1.4,1.4,0.2,6,29,4
https://fbref.com/en/players/21166ff4/Caglar-Soyuncu,120230490,?a?lar S?y?nc?,TUR,DF,Leicester City,26,7,6,529,5.9,1,0,0,0,2,0,0.4,0.4,0.1,5,12,0
https://fbref.com/en/players/9bc9a519/Djed-Spence,120230491,Djed Spence,ENG,FW,Tottenham,21,4,0,7,0.1,0,0,0,0,0,0,0.1,0.1,0.0,2,0,2
https://fbref.com/en/players/558807c0/Jack-Stacey,120230492,Jack Stacey,ENG,DF,Bournemouth,26,10,3,299,3.3,0,0,0,0,2,0,0.1,0.1,0.0,9,2,15
https://fbref.com/en/players/6992791d/Junior-Stanislas,120230493,Junior Stanislas,ENG,MF,Bournemouth,32,4,0,61,0.7,0,0,0,0,0,0,0.0,0.0,0.1,0,4,5
https://fbref.com/en/players/b2626673/Jay-Stansfield,120230494,Jay Stansfield,ENG,FW,Fulham,19,3,1,87,1.0,0,0,0,0,0,0,0.3,0.3,0.1,2,0,4
https://fbref.com/en/players/28300a16/Jason-Steele,120230495,Jason Steele,ENG,GK,Brighton,31,15,15,1350,15.0,0,1,0,0,1,0,0.0,0.0,0.1,0,0,0
https://fbref.com/en/players/6adbc307/Jack-Stephens,120230496,Jack Stephens,ENG,DF,Southampton,28,2,0,46,0.5,0,0,0,0,0,0,0.0,0.0,0.0,3,3,0
https://fbref.com/en/players/6adbc307/Jack-Stephens,120230497,Jack Stephens1,ENG,DF,Bournemouth,28,15,13,1173,13.0,0,0,0,0,3,0,0.4,0.4,0.2,7,34,3
https://fbref.com/en/players/b400bde0/Raheem-Sterling,120230498,Raheem Sterling,ENG,FW,Chelsea,27,28,23,1891,21.0,6,3,0,0,4,0,6.2,6.2,4.6,81,59,186
https://fbref.com/en/players/5eecec3d/John-Stones,120230499,John Stones,ENG,DF,Manchester City,28,23,21,1846,20.5,2,2,0,0,2,0,1.0,1.0,1.4,28,101,34
https://fbref.com/en/players/f4d296e4/Pascal-Struijk,120230500,Pascal Struijk,NED,DF,Leeds United,22,29,26,2200,24.4,2,1,0,0,5,0,1.4,1.4,2.4,24,119,53
https://fbref.com/en/players/a62f8bf1/Kamaldeen-Sulemana,120230501,Kamaldeen Sulemana,GHA,FW,Southampton,20,18,10,966,10.7,2,1,0,0,1,0,1.7,1.7,1.3,32,36,80
https://fbref.com/en/players/df04eb4b/Crysencio-Summerville,120230502,Crysencio Summerville,NED,FW,Leeds United,20,28,12,1426,15.8,4,2,0,0,4,0,2.9,2.9,1.6,51,45,92
https://fbref.com/en/players/b017b770/Sam-Surridge,120230503,Sam Surridge,ENG,FW,Nott'ham Forest,24,20,1,323,3.6,1,0,0,0,2,0,1.8,1.8,0.1,2,6,17
https://fbref.com/en/players/e9971f2d/Japhet-Tanganga,120230504,Japhet Tanganga,ENG,DF,Tottenham,23,4,2,146,1.6,0,0,0,0,0,0,0.0,0.0,0.0,1,5,2
https://fbref.com/en/players/e514ab62/Matt-Targett,120230505,Matt Targett,ENG,DF,Newcastle Utd,26,17,6,610,6.8,0,0,0,0,1,0,0.0,0.0,0.4,3,43,13
https://fbref.com/en/players/15ea812b/James-Tarkowski,120230506,James Tarkowski,ENG,DF,Everton,29,38,38,3420,38.0,1,1,0,0,6,0,3.1,3.1,2.9,13,106,11
https://fbref.com/en/players/5c0da4a4/Marcus-Tavernier,120230507,Marcus Tavernier,ENG,MF,Bournemouth,23,23,19,1743,19.4,5,4,0,0,1,0,3.1,3.1,2.9,67,56,137
https://fbref.com/en/players/7120a04d/Tete,120230508,Tet?,BRA,FW,Leicester City,22,13,9,734,8.2,1,0,0,0,0,0,1.8,1.8,0.4,22,26,55
https://fbref.com/en/players/77d7c96f/Kenny-Tete,120230509,Kenny Tete,NED,DF,Fulham,26,31,29,2569,28.5,1,5,0,0,8,0,0.7,0.7,1.9,75,103,69
https://fbref.com/en/players/fc027d02/Luke-Thomas,120230510,Luke Thomas,ENG,DF,Leicester City,21,17,11,1073,11.9,0,0,0,0,3,0,0.1,0.1,0.7,10,48,13
https://fbref.com/en/players/56f7a928/Youri-Tielemans,120230511,Youri Tielemans,BEL,MF,Leicester City,25,31,27,2344,26.0,3,2,1,2,4,0,2.5,0.9,4.7,35,181,56
https://fbref.com/en/players/fce2302c/Kieran-Tierney,120230512,Kieran Tierney,SCO,DF,Arsenal,25,27,6,795,8.8,0,1,0,0,0,0,0.3,0.3,0.3,25,36,31
https://fbref.com/en/players/a105d46a/Harry-Toffolo,120230513,Harry Toffolo,ENG,DF,Nott'ham Forest,26,19,9,940,10.4,0,0,0,0,2,0,0.3,0.3,0.8,8,29,43
https://fbref.com/en/players/b3af9be1/Takehiro-Tomiyasu,120230514,Takehiro Tomiyasu,JPN,DF,Arsenal,23,21,6,663,7.4,0,1,0,0,2,0,0.2,0.2,0.6,14,51,28
https://fbref.com/en/players/e7ca0439/James-Tomkins,120230515,James Tomkins,ENG,DF,Crystal Palace,33,6,3,338,3.8,1,0,0,0,3,1,1.0,1.0,0.0,1,2,1
https://fbref.com/en/players/e09f279b/Ivan-Toney,120230516,Ivan Toney,ENG,FW,Brentford,26,33,33,2951,32.8,20,4,6,7,9,0,18.7,13.2,5.1,14,79,165
https://fbref.com/en/players/9a28eba4/Adama-Traore,120230517,Adama Traor?,ESP,FW,Wolves,26,34,12,1496,16.6,2,1,0,0,2,0,1.4,1.4,3.7,85,36,157
https://fbref.com/en/players/c47541e0/Bertrand-Traore,120230518,Bertrand Traor?,BFA,FW,Aston Villa,26,8,1,233,2.6,2,0,0,0,1,0,0.7,0.7,0.1,9,9,28
https://fbref.com/en/players/999ceb5f/Boubacar-Traore,120230519,Boubacar Traor?,MLI,MF,Wolves,20,10,4,411,4.6,0,1,0,0,2,0,0.1,0.1,0.2,4,8,2
https://fbref.com/en/players/fe558029/Mark-Travers,120230520,Mark Travers,IRL,GK,Bournemouth,23,12,11,1035,11.5,0,0,0,0,0,0,0.0,0.0,0.0,0,0,0
https://fbref.com/en/players/21512407/Kieran-Trippier,120230521,Kieran Trippier,ENG,DF,Newcastle Utd,31,38,38,3341,37.1,1,7,0,0,5,0,0.9,0.9,12.4,45,260,151
https://fbref.com/en/players/38ceb24a/Leandro-Trossard,120230522,Leandro Trossard,BEL,FW,Arsenal,27,20,10,931,10.3,1,10,0,0,0,0,1.8,1.8,4.7,36,57,102
https://fbref.com/en/players/38ceb24a/Leandro-Trossard,120230523,Leandro Trossard1,BEL,FW,Brighton,27,16,16,1315,14.6,7,2,0,0,1,0,4.4,4.4,2.1,40,67,118
https://fbref.com/en/players/f315ca93/Kostas-Tsimikas,120230524,Kostas Tsimikas,GRE,DF,Liverpool,26,20,9,771,8.6,0,4,0,0,3,0,0.3,0.3,1.5,23,26,77
https://fbref.com/en/players/dd549382/Deniz-Undav,120230525,Deniz Undav,GER,FW,Brighton,26,22,6,628,7.0,5,0,0,0,2,0,4.5,4.5,1.1,12,10,40
https://fbref.com/en/players/531a4aa8/Yan-Valery,120230526,Yan Valery,TUN,DF,Southampton,23,1,1,45,0.5,0,0,0,0,0,0,0.0,0.0,0.0,0,0,0
https://fbref.com/en/players/e06683ca/Virgil-van-Dijk,120230527,Virgil van Dijk,NED,DF,Liverpool,31,32,32,2835,31.5,3,1,0,0,3,0,2.6,2.6,1.2,10,127,8
https://fbref.com/en/players/9f8e9423/Raphael-Varane,120230528,Rapha?l Varane,FRA,DF,Manchester Utd,29,24,22,1911,21.2,0,0,0,0,1,0,0.7,0.7,0.2,17,63,4
https://fbref.com/en/players/45963054/Jamie-Vardy,120230529,Jamie Vardy,ENG,FW,Leicester City,35,37,19,1857,20.6,3,4,0,1,1,0,6.7,5.9,1.4,16,14,101
https://fbref.com/en/players/dad4b285/Joel-Veltman,120230530,Jo?l Veltman,NED,DF,Brighton,30,31,25,2188,24.3,1,1,0,0,6,0,1.8,1.8,0.7,43,153,49
https://fbref.com/en/players/6412cc03/Fabio-Vieira,120230531,Fabio Vieira,POR,MF,Arsenal,22,22,3,514,5.7,1,2,0,0,0,0,0.8,0.8,2.5,8,35,40
https://fbref.com/en/players/08eb3b58/Matias-Vina,120230532,Mat?as Vi?a,URU,DF,Bournemouth,24,12,5,458,5.1,2,0,0,0,1,0,0.9,0.9,0.2,10,17,19
https://fbref.com/en/players/b937e490/Ruben-Vinagre,120230533,R?ben Vinagre,POR,DF,Everton,23,2,0,26,0.3,0,0,0,0,0,0,0.0,0.0,0.0,2,0,1
https://fbref.com/en/players/8b529245/Carlos-Vinicius,120230534,Carlos Vin?cius,BRA,FW,Fulham,27,28,11,1109,12.3,5,2,0,0,3,0,3.3,3.3,0.8,9,15,46
https://fbref.com/en/players/1ecb65be/Theo-Walcott,120230535,Theo Walcott,ENG,FW,Southampton,33,20,13,1129,12.5,2,2,0,0,1,0,2.2,2.2,2.0,21,14,62
https://fbref.com/en/players/86dd77d1/Kyle-Walker,120230536,Kyle Walker,ENG,DF,Manchester City,32,27,22,1958,21.8,0,0,0,0,3,0,0.4,0.4,0.2,50,162,75
https://fbref.com/en/players/984a5a64/Kyle-Walker-Peters,120230537,Kyle Walker-Peters,ENG,DF,Southampton,25,31,30,2650,29.4,1,0,0,0,4,0,1.0,1.0,1.4,102,97,114
https://fbref.com/en/players/9e525177/Aaron-Wan-Bissaka,120230538,Aaron Wan-Bissaka,ENG,DF,Manchester Utd,24,19,16,1435,15.9,0,0,0,0,2,0,1.2,1.2,1.0,41,55,64
https://fbref.com/en/players/d3ce0e89/Danny-Ward,120230539,Danny Ward,WAL,GK,Leicester City,29,26,26,2340,26.0,0,0,0,0,0,0,0.0,0.0,0.0,0,0,0
https://fbref.com/en/players/8a7ff278/Joel-Ward,120230540,Joel Ward,ENG,DF,Crystal Palace,32,28,24,2256,25.1,1,0,0,0,6,0,1.1,1.1,0.4,22,101,46
https://fbref.com/en/players/3515d404/James-Ward-Prowse,120230541,James Ward-Prowse,ENG,MF,Southampton,27,38,38,3371,37.5,9,4,2,4,6,0,5.7,2.5,6.2,19,189,58
https://fbref.com/en/players/aed3a70f/Ollie-Watkins,120230542,Ollie Watkins,ENG,FW,Aston Villa,26,37,36,3127,34.7,15,6,1,2,4,0,16.5,14.9,3.8,50,39,196
https://fbref.com/en/players/c40b6180/Adam-Webster,120230543,Adam Webster,ENG,DF,Brighton,27,27,23,1985,22.1,0,0,0,0,2,0,1.8,1.8,0.2,19,119,9
https://fbref.com/en/players/c4e87b8b/Wout-Weghorst,120230544,Wout Weghorst,NED,FW,Manchester Utd,29,17,10,797,8.9,0,1,0,0,1,0,2.0,2.0,1.2,3,17,41
https://fbref.com/en/players/ce5143da/Danny-Welbeck,120230545,Danny Welbeck,ENG,FW,Brighton,31,31,21,1854,20.6,6,3,0,0,0,0,9.4,9.4,4.3,31,49,134
https://fbref.com/en/players/35e413f1/Ben-White,120230546,Ben White,ENG,DF,Arsenal,24,38,36,3055,33.9,2,5,0,0,5,0,1.3,1.3,3.2,64,249,124
https://fbref.com/en/players/4d90ce8c/Harvey-White,120230547,Harvey White,ENG,MF,Tottenham,20,1,0,5,0.1,0,0,0,0,0,0,0.0,0.0,0.0,0,0,1
https://fbref.com/en/players/3f847d95/Joseph-Whitworth,120230548,Joseph Whitworth,ENG,GK,Crystal Palace,18,2,2,180,2.0,0,0,0,0,0,0,0.0,0.0,0.0,0,0,0
https://fbref.com/en/players/dd323728/Neco-Williams,120230549,Neco Williams,WAL,DF,Nott'ham Forest,21,31,20,1882,20.9,1,0,0,0,7,0,1.3,1.3,1.4,51,33,67
https://fbref.com/en/players/8b9ebd03/Willian,120230550,Willian,BRA,FW,Fulham,33,27,25,2126,23.6,5,5,0,0,2,0,3.4,3.4,4.4,97,113,152
https://fbref.com/en/players/a3b03921/Joe-Willock,120230551,Joe Willock,ENG,MF,Newcastle Utd,22,35,31,2558,28.4,3,6,0,0,1,0,7.0,7.0,6.0,97,121,152
https://fbref.com/en/players/c596fcb0/Callum-Wilson,120230552,Callum Wilson,ENG,FW,Newcastle Utd,30,31,21,1877,20.9,18,5,3,3,4,0,17.4,15.1,2.7,27,19,118
https://fbref.com/en/players/c6dc9ecd/Harry-Wilson,120230553,Harry Wilson,WAL,FW,Fulham,25,29,13,1100,12.2,2,3,0,0,1,0,2.0,2.0,0.9,18,37,87
https://fbref.com/en/players/2500cef9/Yoane-Wissa,120230554,Yoane Wissa,COD,FW,Brentford,25,38,16,1606,17.8,7,3,0,0,3,0,5.7,5.7,2.5,24,27,104
https://fbref.com/en/players/4b803b3c/Maximilian-Wober,120230555,Maximilian W?ber,AUT,DF,Leeds United,24,16,14,1266,14.1,0,0,0,0,3,0,0.7,0.7,0.6,15,54,15
https://fbref.com/en/players/4e9a0555/Chris-Wood,120230556,Chris Wood,NZL,FW,Newcastle Utd,30,18,4,446,5.0,2,0,1,1,0,0,1.8,1.0,0.3,1,4,23
https://fbref.com/en/players/4e9a0555/Chris-Wood,120230557,Chris Wood1,NZL,FW,Nott'ham Forest,30,7,5,372,4.1,1,0,0,0,0,0,1.0,1.0,0.2,2,7,12
https://fbref.com/en/players/a5212312/Joe-Worrall,120230558,Joe Worrall,ENG,DF,Nott'ham Forest,25,30,21,2224,24.7,1,0,0,0,6,0,0.8,0.8,0.8,5,67,1
https://fbref.com/en/players/e61b8aee/Granit-Xhaka,120230559,Granit Xhaka,SUI,MF,Arsenal,29,37,36,2993,33.3,7,7,0,0,4,0,4.7,4.7,5.2,42,196,175
https://fbref.com/en/players/c1fe2a48/Ryan-Yates,120230560,Ryan Yates,ENG,MF,Nott'ham Forest,24,26,21,1837,20.4,0,2,0,0,5,0,2.3,2.3,1.2,11,43,27
https://fbref.com/en/players/be927d03/Ashley-Young,120230561,Ashley Young,ENG,DF,Aston Villa,37,29,23,2036,22.6,1,0,0,0,7,0,0.5,0.5,1.0,29,107,33
https://fbref.com/en/players/88968486/Illia-Zabarnyi,120230562,Illia Zabarnyi,UKR,DF,Bournemouth,19,5,3,299,3.3,0,0,0,0,0,0,0.0,0.0,0.0,1,11,0
https://fbref.com/en/players/b2bc3b1f/Wilfried-Zaha,120230563,Wilfried Zaha,CIV,FW,Crystal Palace,29,27,27,2288,25.4,7,2,0,2,5,0,6.5,4.8,2.7,86,75,238
https://fbref.com/en/players/384d58d9/Denis-Zakaria,120230564,Denis Zakaria,SUI,MF,Chelsea,25,7,5,411,4.6,0,0,0,0,0,0,0.2,0.2,0.0,9,6,3
https://fbref.com/en/players/e8271ad9/Jordan-Zemura,120230565,Jordan Zemura,ZIM,DF,Bournemouth,22,19,17,1454,16.2,0,1,0,0,1,0,0.4,0.4,1.9,39,45,48
https://fbref.com/en/players/51cf8561/Oleksandr-Zinchenko,120230566,Oleksandr Zinchenko,UKR,DF,Arsenal,25,27,26,2118,23.5,1,2,0,0,3,0,1.4,1.4,1.4,67,227,68
https://fbref.com/en/players/6622454d/Hakim-Ziyech,120230567,Hakim Ziyech,MAR,FW,Chelsea,29,18,6,661,7.3,0,3,0,0,1,0,0.6,0.6,2.2,20,42,69
https://fbref.com/en/players/ce4246f5/Kurt-Zouma,120230568,Kurt Zouma,FRA,DF,West Ham,27,25,24,1989,22.1,2,0,0,0,0,0,2.2,2.2,0.1,3,31,1
https://fbref.com/en/players/79300479/Martin-Odegaard,120230569,Martin ?degaard,NOR,MF,Arsenal,23,37,37,3127,34.7,15,7,0,0,4,0,10.0,10.0,8.1,83,266,193
