Patrick van Aanholt,0,9,8,2,0,0,1,176,16,16
Max Aarons,0,29,49,3,1,0,0,178,22,49
Tammy Abraham,0,17,24,23,1,0,1,49,89,113
Che Adams,0,17,16,10,1,0,0,51,41,75
Adri?n,0,0,1,0,0,0,0,5,4,0
Sergio Ag?ero,0,9,9,6,2,0,0,37,3,12
Albian Ajeti,0,6,0,2,0,0,0,2,1,10
Nathan Ak?,0,9,13,3,0,0,0,140,60,61
Marc Albrighton,0,7,11,1,0,1,0,67,3,7
Toby Alderweireld,0,18,4,1,0,0,1,154,73,73
Trent Alexander-Arnold,0,22,9,3,0,0,0,221,15,30
Alisson,0,1,1,0,0,0,0,63,6,0
Dele Alli,0,12,33,6,0,0,0,103,19,37
Miguel Almir?n,0,30,59,24,0,0,0,189,9,28
Marcos Alonso,0,16,15,2,1,0,0,96,42,29
Steven Alzate,0,17,18,3,0,0,0,75,9,16
Ibrahim Amadou,0,8,2,0,0,1,0,39,16,12
Felipe Anderson,0,17,24,2,0,0,0,112,6,19
Florin Andone,0,2,3,0,0,0,0,6,4,1
Angeli?o,0,2,2,0,0,0,0,29,6,7
Faustino Anjorin,0,0,1,0,0,0,0,1,0,0
Michail Antonio,0,41,35,11,0,0,0,62,88,108
Stuart Armstrong,0,25,20,4,0,0,0,106,13,29
Kepa Arrizabalaga,0,0,5,0,0,0,0,35,5,0
Christian Atsu,0,11,10,4,0,0,0,42,6,14
Pierre-Emerick Aubameyang,0,14,20,20,0,0,0,92,33,58
Serge Aurier,1,41,22,6,0,2,1,165,70,64
Jordan Ayew,0,59,105,9,0,0,0,147,77,169
C?sar Azpilicueta,0,40,15,3,0,0,0,172,92,62
Eric Bailly,0,2,0,0,0,1,0,9,8,0
Leighton Baines,0,1,4,0,0,0,0,17,5,7
Fabi?n Balbuena,0,6,2,0,0,0,0,65,53,36
George Baldock,0,47,44,11,1,0,0,167,38,57
Phil Bardsley,0,35,13,0,0,0,0,80,36,24
Ross Barkley,0,9,15,0,0,0,0,69,12,13
Ashley Barnes,0,35,40,13,1,0,0,37,58,85
Harvey Barnes,0,20,29,4,1,0,0,91,28,38
Chris Basham,0,26,31,5,0,1,0,188,107,62
Borja Bast?n,0,0,0,0,0,0,0,1,0,2
Michy Batshuayi,0,4,4,7,0,0,0,11,6,13
Jan Bednarek,0,33,12,0,0,1,1,161,125,46
H?ctor Beller?n,0,15,3,1,0,0,0,54,13,16
Ryan Bennett,0,4,1,0,0,0,0,32,20,13
Ryan Bennett1,0,3,0,0,0,0,0,22,8,11
Nabil Bentaleb,0,19,5,0,0,0,0,46,14,13
Christian Benteke,0,25,20,12,0,0,0,24,143,110
J?hann Berg Gu?mundsson,0,9,4,1,0,0,0,31,7,14
Sander Berge,0,18,5,1,0,0,0,56,35,16
Steven Bergwijn,0,7,10,0,1,0,0,39,7,8
Bernard,0,19,10,0,0,0,0,81,1,13
Bernardo,0,3,3,4,0,0,0,49,31,8
Ryan Bertrand,0,27,33,1,0,0,0,118,58,56
Muhamed Be?i?,0,6,2,0,0,0,0,17,5,3
Philip Billing,0,38,23,2,0,0,0,162,111,76
Yves Bissouma,0,31,15,0,0,0,0,105,16,15
Willy Boly,1,24,8,1,0,0,0,117,86,29
Ga?tan Bong,0,0,1,0,0,0,0,3,0,3
Sofiane Boufal,0,25,20,2,0,1,0,45,7,11
Jarrod Bowen,0,4,20,1,0,0,0,55,5,19
Robbie Brady,0,8,4,1,0,0,0,36,12,8
Jarrad Branthwaite,0,4,3,0,0,0,0,18,8,15
Claudio Bravo,0,0,0,0,0,0,0,2,1,0
Armando Broja,0,0,1,0,0,0,0,0,0,1
David Brooks,0,4,6,0,0,0,0,13,0,7
Josh Brownhill,0,6,9,0,0,0,0,43,18,18
Emi Buend?a,0,36,54,2,0,0,0,187,29,50
Dan Burn,0,32,15,3,0,0,0,156,138,52
Sam Byram,0,16,8,1,0,0,0,73,43,39
Willy Caballero,0,0,0,0,0,0,0,0,2,0
Gary Cahill,0,14,12,0,0,0,0,98,84,50
Dominic Calvert-Lewin,0,57,44,13,0,0,0,55,177,206
V?ctor Camarasa,0,0,0,0,0,0,0,0,0,0
Jo?o Cancelo,0,17,8,0,0,0,0,99,19,22
Todd Cantwell,0,33,67,3,0,1,0,148,15,38
?tienne Capoue,0,57,39,0,0,1,0,219,49,19
Andy Carroll,0,17,14,6,0,0,0,15,89,46
Jonny Castro,0,34,28,2,1,0,0,158,35,50
Craig Cathcart,0,13,2,0,0,0,0,128,67,52
Dani Ceballos,0,19,35,0,0,0,0,153,9,24
Nathaniel Chalobah,0,7,8,0,0,0,0,64,19,14
Calum Chambers,0,18,4,0,0,1,0,69,36,30
Ben Chilwell,0,29,30,1,0,0,0,161,55,38
Tahith Chong,0,2,1,0,0,0,0,2,0,2
Hamza Choudhury,1,12,7,0,0,0,0,51,12,10
Andreas Christensen,0,17,10,0,0,0,0,107,68,49
Ciaran Clark,0,9,7,0,0,0,0,46,29,37
Leon Clarke,0,0,0,0,0,0,0,0,2,3
Tom Cleverley,0,16,10,0,0,0,0,51,9,12
Conor Coady,0,17,7,0,0,1,0,244,33,24
S?amus Coleman,1,19,19,1,0,0,0,118,29,20
Aaron Connolly,0,16,38,14,2,0,0,31,18,40
Lewis Cook,0,23,11,0,0,0,0,109,12,14
Steve Cook,0,16,15,1,0,2,0,112,113,65
Jack Cork,0,33,25,1,0,0,0,171,54,69
Aaron Cresswell,0,16,17,2,0,0,0,172,45,39
Patrick Cutrone,0,5,9,4,0,0,0,14,8,20
Diogo Dalot,0,1,0,0,0,0,0,5,3,0
Charlie Daniels,0,0,0,0,0,0,0,11,2,0
Arnaut Danjuma,0,0,5,6,0,0,0,29,2,11
Scott Dann,0,5,0,0,0,0,0,73,39,31
Kevin Danso,1,4,2,0,0,0,0,13,7,12
Ben Davies,0,27,8,1,0,0,0,61,45,21
Tom Davies,0,30,40,1,0,0,0,138,35,36
Keinan Davis,0,12,11,3,0,0,0,15,27,46
Craig Dawson,0,31,12,0,0,1,0,123,100,42
Kevin De Bruyne,0,26,28,3,0,0,0,136,17,16
Troy Deeney,0,37,36,12,1,0,0,62,195,275
Fabian Delph,1,18,7,0,0,0,0,94,15,9
Leander Dendoncker,0,31,9,0,0,1,1,152,94,82
Gerard Deulofeu,0,27,22,18,1,0,0,126,1,16
Eric Dier,0,19,4,1,0,1,0,59,66,42
Lucas Digne,0,43,29,3,0,1,1,182,112,53
Issa Diop,0,31,11,1,0,3,0,145,79,39
Moussa Djenepo,0,23,30,3,0,0,0,48,3,16
Matt Doherty,0,28,18,3,1,1,0,160,132,96
Abdoulaye Doucour?,0,51,15,6,0,1,1,270,55,56
Tommy Doyle,0,0,1,0,0,0,0,1,0,0
Danny Drinkwater,0,7,1,0,0,0,0,30,0,4
Danny Drinkwater1,0,1,0,0,0,0,0,6,0,1
Josip Drmi?,0,6,4,7,0,0,0,29,18,34
Martin D?bravka,0,0,4,0,0,0,0,35,9,0
Ondrej Duda,0,9,13,2,0,0,0,48,5,18
Shane Duffy,0,14,10,0,0,0,0,56,67,21
Paul Dummett,0,4,6,0,0,0,1,54,28,32
Lewis Dunk,0,19,19,1,0,0,0,250,97,51
Ederson,0,2,2,0,0,0,0,49,12,1
John Egan,1,34,20,1,0,1,0,177,133,77
Harvey Elliott,0,0,0,0,0,0,0,1,0,0
Ahmed Elmohamady,0,13,5,2,0,0,0,73,29,21
Bj?rn Engels,0,5,5,1,0,2,0,53,54,27
Christian Eriksen,0,9,6,2,0,0,0,82,6,10
Jonny Evans,0,35,27,2,1,1,1,230,126,70
?ukasz Fabia?ski,0,1,2,0,0,1,0,12,11,0
Fabinho,0,32,20,0,0,0,0,157,41,28
Ralf F?hrmann,0,0,0,0,0,0,0,2,0,0
Akin Famewo,0,0,0,0,0,0,0,0,0,0
Kiko Femen?a,0,26,12,1,1,0,0,150,13,13
Bruno Fernandes,0,9,14,2,2,0,0,67,3,11
Gedson Fernandes,0,0,2,0,0,0,0,7,0,1
Federico Fern?ndez,0,17,20,2,0,0,1,128,60,51
Fernandinho,1,26,17,1,0,1,1,148,74,47
Roberto Firmino,0,29,16,6,0,0,0,136,26,74
John Fleck,0,25,22,1,0,0,0,169,13,23
Phil Foden,0,12,13,1,0,0,0,36,10,18
Pablo Fornals,0,18,16,7,0,0,0,155,10,48
Ben Foster,0,2,4,0,0,2,0,54,9,0
Timothy Fosu-Mensah,0,5,0,1,0,0,0,7,1,2
Dimitri Foulquier,0,0,0,0,0,0,0,4,0,2
Juan Foyth,0,2,1,0,0,0,0,9,2,1
Simon Francis,1,7,1,0,0,0,0,62,48,32
Ryan Fraser,0,10,36,1,0,0,0,97,6,25
Fred,0,42,36,1,0,0,0,234,9,19
Ryan Fredericks,0,25,21,0,0,0,0,113,35,36
Kieron Freeman,0,1,0,0,0,0,0,0,0,2
Luke Freeman,0,6,5,0,0,0,0,20,4,6
Christian Fuchs,0,2,0,1,0,0,0,45,19,18
Eric Garc?a,0,9,2,0,0,0,0,38,11,19
James Garner,0,0,1,0,0,0,0,1,0,0
Dwight Gayle,0,6,13,2,0,0,0,17,21,49
Paulo Gazzaniga,0,1,2,0,0,1,0,16,4,1
Jean-Philippe Gbamin,0,2,2,0,0,0,0,8,3,2
David de Gea,0,0,6,0,0,0,0,35,7,0
Anwar El Ghazi,0,20,17,12,0,0,0,75,31,57
Morgan Gibbs-White,0,2,1,0,0,0,0,6,4,2
Billy Gilmour,0,3,1,0,0,0,0,15,2,5
Olivier Giroud,0,17,9,9,0,0,0,22,50,49
Ben Godfrey,0,15,9,0,0,1,1,162,66,40
Andr? Gomes,0,38,19,0,0,1,0,122,17,12
Angel Gomes,0,1,0,0,0,0,0,0,0,0
Joe Gomez,0,21,13,0,0,1,0,151,68,49
Anthony Gordon,0,10,12,1,0,0,0,18,1,5
Dan Gosling,0,21,18,2,0,0,0,82,21,28
Andre Gray,0,10,1,6,0,0,0,26,16,30
Demarai Gray,0,2,10,3,1,0,0,35,2,8
Jack Grealish,0,34,167,4,0,0,0,188,20,26
Mason Greenwood,0,12,8,3,0,0,0,62,5,18
Pascal Gro?,0,23,13,8,0,0,1,83,18,29
Vicente Guaita,0,0,4,0,0,0,1,16,16,2
Matt?o Guendouzi,0,17,49,0,1,0,0,117,12,16
Frederic Guilbert,0,36,21,2,0,0,0,104,46,68
?lkay G?ndo?an,0,16,14,2,0,1,0,137,11,15
Angus Gunn,0,0,2,0,0,0,0,9,2,0
S?bastien Haller,0,46,38,18,1,0,0,65,213,200
Grant Hanley,0,12,20,0,0,0,1,56,43,17
Kortney Hause,0,24,9,1,0,0,0,109,99,35
Isaac Hayden,0,25,21,2,0,0,0,114,49,33
Tom Heaton,0,1,2,0,0,1,1,7,6,0
Dean Henderson,0,0,2,0,0,0,0,23,16,0
Jordan Henderson,0,31,12,0,0,0,0,183,24,10
Jeff Hendrick,0,17,16,4,0,0,0,107,25,17
Wayne Hennessey,0,0,0,0,0,0,0,1,0,1
Javier Hern?ndez,0,0,0,2,0,0,0,0,0,0
Onel Hern?ndez,0,14,18,8,0,0,0,75,6,27
Son Heung-min,0,17,27,17,1,0,0,127,7,38
George Hirst,0,0,2,0,0,0,0,2,3,1
Rob Holding,0,4,3,0,0,0,0,22,16,14
Jos? Holebas,0,18,6,0,0,1,0,44,35,21
Mason Holgate,0,17,25,1,0,0,0,126,41,36
Nathan Holland,0,0,1,0,0,0,0,1,0,1
Conor Hourihane,0,14,21,4,1,0,0,72,12,8
Callum Hudson-Odoi,0,11,13,3,0,0,0,32,2,11
Will Hughes,0,53,46,1,0,2,0,127,25,32
Pierre H?jbjerg,0,46,36,1,0,1,0,326,54,42
Jordon Ibe,0,0,2,0,0,0,0,6,0,0
Adam Idah,0,2,4,1,0,0,0,5,3,11
Odion Ighalo,0,1,1,1,0,0,0,5,0,1
Kelechi Iheanacho,0,24,13,9,2,0,0,25,3,28
Danny Ings,0,36,25,12,2,0,0,121,45,114
Alex Iwobi,0,12,4,0,0,0,0,98,8,12
Phil Jagielka,0,1,4,0,0,0,0,16,15,4
Alireza Jahanbakhsh,0,2,7,1,0,0,0,16,0,6
Daniel James,0,14,55,2,1,0,0,92,7,26
Matty James,0,0,0,0,0,0,0,0,0,0
Reece James,0,22,21,1,0,0,0,104,36,42
Daryl Janmaat,0,5,1,0,0,0,1,38,2,1
Gabriel Jesus,0,27,29,19,0,0,0,85,41,70
Ra?l Jim?nez,0,39,35,18,1,0,0,82,86,117
Jo?o Pedro,0,1,0,0,0,0,0,1,2,3
Joelinton,0,32,40,20,0,0,0,118,169,234
Ben Johnson,0,8,1,0,0,0,0,12,7,5
Curtis Jones,0,3,0,0,0,0,0,14,2,3
Phil Jones,0,3,1,0,0,0,0,11,13,6
Bruno Jord?o,0,0,0,0,0,0,0,2,0,0
Jorginho,0,27,30,0,0,1,0,247,14,38
Jota,0,6,2,0,0,0,0,26,1,2
Diogo Jota,0,42,61,3,0,0,0,123,28,52
James Justin,0,8,20,1,0,1,1,64,21,32
Christian Kabasele,1,22,14,0,0,0,0,96,61,47
Harry Kane,0,37,44,20,1,0,0,69,72,112
N'Golo Kant?,0,45,10,0,0,0,0,158,18,32
Moise Kean,0,27,11,4,0,0,0,32,11,28
Michael Keane,0,20,8,0,0,1,1,127,129,88
Naby Ke?ta,0,9,10,1,0,0,0,82,9,8
Lloyd Kelly,0,7,2,0,0,0,0,42,11,20
Martin Kelly,0,8,0,0,0,0,0,71,33,25
Max Kilman,0,2,0,0,0,0,0,9,12,9
Joshua King,0,37,27,7,0,0,0,105,59,66
Timm Klose,0,8,7,0,0,0,0,30,14,19
Jonathan Kodjia,0,1,2,0,0,0,0,2,6,3
Sead Kola?inac,0,20,16,5,0,0,0,103,27,19
Ezri Konsa,0,17,32,1,0,1,0,100,47,45
Cheikhou Kouyat?,0,33,28,2,0,0,0,139,89,69
Mateo Kova?i?,0,20,38,0,0,0,0,174,8,17
Emil Krafth,0,4,7,0,0,0,0,43,7,9
Tim Krul,0,1,6,0,0,1,1,30,14,1
Alexandre Lacazette,0,44,45,13,1,0,0,76,26,57
Adam Lallana,0,7,8,1,0,0,0,31,4,14
?rik Lamela,0,30,26,1,1,0,0,74,6,18
Tariq Lamptey,0,0,1,0,0,0,0,3,0,0
Tariq Lamptey1,0,13,17,0,0,0,0,30,3,8
Henri Lansbury,0,4,1,0,0,0,0,10,2,5
Manuel Lanzini,0,6,26,4,1,0,0,81,6,15
Aymeric Laporte,0,9,9,0,0,0,0,70,24,13
Jamaal Lascelles,0,22,18,2,0,0,0,128,73,49
Valentino Lazaro,0,3,2,0,0,0,0,27,2,6
Moritz Leitner,0,8,10,0,0,0,0,56,5,4
Florian Lejeune,0,6,4,0,0,0,0,35,8,7
Aaron Lennon,0,10,7,0,0,0,0,24,2,8
Bernd Leno,0,0,4,0,0,0,0,37,8,2
Jefferson Lerma,1,42,37,1,0,0,0,270,56,49
Jamal Lewis,0,15,23,2,0,0,0,141,7,22
Victor Lindel?f,0,22,6,0,0,0,1,215,96,48
Jesse Lingard,0,28,11,0,0,0,0,37,2,12
Hugo Lloris,0,0,1,0,0,0,0,15,5,2
Giovani Lo Celso,0,28,45,0,0,0,0,123,8,22
J?rgen Locadia,0,0,2,0,0,0,0,3,2,2
Ruben Loftus-Cheek,0,2,3,0,0,0,0,13,2,3
Kevin Long,0,9,6,0,0,0,0,23,26,21
Shane Long,0,32,25,12,0,0,0,43,111,116
Matthew Longstaff,0,6,6,0,0,0,0,38,5,5
Sean Longstaff,0,17,26,0,0,0,0,73,17,21
Dejan Lovren,0,4,8,0,0,0,0,51,48,27
Matthew Lowton,0,14,10,0,0,1,0,72,22,14
David Luiz,0,30,14,1,0,5,0,128,51,41
Douglas Luiz,0,51,36,0,0,1,0,205,30,35
John Lundstram,0,27,12,7,0,0,0,157,23,33
Alexis Mac Allister,0,4,4,1,0,0,0,15,2,5
James Maddison,0,36,88,4,0,0,0,162,7,24
Harry Maguire,0,33,22,6,0,0,0,237,173,69
Riyad Mahrez,0,13,29,13,5,0,0,90,10,23
Ainsley Maitland-Niles,1,15,13,0,0,0,0,86,17,12
Sadio Man?,0,46,51,14,2,0,0,131,41,75
Javier Manquillo,0,18,11,1,0,1,0,83,16,15
Solly March,0,10,11,2,0,0,0,63,15,20
Pablo Mar?,0,2,0,0,0,0,0,9,4,2
Adrian Mariappa,1,20,7,2,0,0,1,49,42,30
Anthony Martial,0,28,41,12,1,0,0,44,18,67
David Martin,0,0,0,0,0,0,0,3,1,1
Josh Martin,0,1,0,0,0,0,0,2,0,0
Gabriel Martinelli,0,9,10,2,0,0,0,34,7,35
Emiliano Mart?nez,0,0,0,0,0,0,0,4,0,0
Adam Masina,0,26,12,2,0,1,0,99,67,33
Arthur Masuaku,1,10,9,0,0,0,0,74,12,14
Juan Mata,0,7,10,4,0,0,0,33,2,5
Nemanja Mati?,0,27,18,0,0,0,0,146,26,23
Jo?l Matip,0,7,6,0,0,0,0,51,45,5
Neal Maupay,0,38,46,15,0,0,0,98,25,87
James McArthur,0,57,35,4,1,0,0,185,43,72
Oliver McBurnie,0,28,28,5,0,0,0,91,197,193
Alex McCarthy,0,1,3,0,0,0,0,30,16,2
James McCarthy,0,31,18,0,0,0,0,133,15,19
John McGinn,0,37,66,0,0,0,0,151,19,30
David McGoldrick,0,30,18,12,0,0,0,77,85,125
Michael McGovern,0,0,0,0,0,0,0,3,0,0
Kenny McLean,0,24,58,1,0,1,0,191,92,95
Dwight McNeil,0,29,39,0,0,0,0,234,28,35
Scott McTominay,0,36,53,0,1,0,0,147,43,30
Ben Mee,0,25,21,3,0,3,0,176,127,85
Benjamin Mendy,0,12,1,1,0,0,0,83,15,19
Nampalys Mendy,0,4,8,0,0,0,0,32,5,2
Chris Mepham,0,11,5,1,0,0,0,54,33,23
Max Meyer,0,6,16,2,0,0,0,27,2,9
Luka Milivojevi?,0,50,27,1,0,1,0,179,33,28
James Milner,0,11,12,1,0,0,0,63,13,13
Yerry Mina,0,20,12,2,0,0,1,131,113,69
Takumi Minamino,0,7,3,0,0,0,0,12,2,5
Tyrone Mings,0,20,11,2,0,1,0,201,67,44
Tyrick Mitchell,0,1,1,0,0,0,0,7,0,6
Henrikh Mkhitaryan,0,2,2,1,0,0,0,4,2,1
Nacho Monreal,0,1,1,2,0,0,0,14,7,8
Mart?n Montoya,0,27,15,4,0,0,0,87,21,19
Simon Moore,0,0,0,0,0,0,0,0,0,0
Aaron Mooy,1,13,11,0,0,0,0,134,15,25
Wesley Moraes,0,43,14,14,0,0,0,26,69,88
Wes Morgan,0,4,1,0,0,0,0,16,19,15
Ravel Morrison,0,1,0,0,0,0,0,0,0,0
Mason Mount,0,37,38,4,1,0,0,141,10,46
Lucas Moura,0,30,63,5,0,0,0,110,58,80
Lys Mousset,0,24,14,16,0,0,0,47,22,70
Jo?o Moutinho,0,40,25,3,0,0,0,248,19,26
Glenn Murray,0,15,15,10,0,0,0,17,37,42
Shkodran Mustafi,0,14,3,0,0,0,0,42,65,21
Yoshinori Mut?,0,2,3,3,0,0,0,8,1,5
Georges-K?vin N'Koudou,0,0,0,0,0,0,0,0,0,0
Marvelous Nakamba,0,26,24,0,0,0,0,155,22,28
Wilfred Ndidi,0,56,27,1,0,3,0,271,83,68
Tanguy Ndombele,0,14,29,0,0,0,0,79,6,8
Reiss Nelson,0,8,8,4,0,0,0,30,0,5
Pedro Neto,0,14,16,4,0,0,0,53,6,24
R?ben Neves,0,29,16,0,0,0,0,303,28,27
Jeremy Ngakia,0,4,1,1,0,0,0,16,7,13
Oumar Niasse,0,2,0,0,0,0,0,2,0,3
Eddie Nketiah,0,16,10,3,0,0,0,15,7,8
Mark Noble,0,28,31,1,1,0,0,189,15,11
Oliver Norwood,0,32,16,1,0,1,0,275,44,29
?rjan Nyland,0,0,0,0,0,0,0,4,0,0
Jack O'Connell,0,22,17,2,0,0,0,184,133,63
Michael Obafemi,0,11,7,3,0,0,0,23,9,37
Angelo Ogbonna,0,22,14,0,0,1,1,141,102,59
Divock Origi,0,12,16,0,1,0,0,28,18,26
Ben Osborn,0,9,6,1,0,0,0,43,6,9
Nicol?s Otamendi,0,21,2,0,0,0,0,84,61,33
Alex Oxlade-Chamberlain,0,17,14,2,0,0,1,79,14,28
Mesut ?zil,0,14,18,6,0,0,0,71,1,4
Emerson Palmieri,0,4,16,2,0,0,0,59,17,11
Sokratis Papastathopoulos,0,19,12,1,0,0,0,71,58,27
Troy Parrott,0,0,0,0,0,0,0,0,0,2
Rui Patr?cio,0,0,7,0,0,0,0,39,8,1
Pedro,0,8,11,0,0,0,0,52,2,4
Nicolas P?p?,0,14,37,4,0,0,0,104,21,41
Andreas Pereira,0,27,16,3,0,0,0,85,10,33
Ricardo Pereira,0,45,37,0,0,1,0,171,41,48
Roberto Pereyra,0,21,33,5,1,0,0,98,5,21
Ayoze P?rez,0,30,30,6,0,0,0,103,24,45
Jordan Pickford,0,1,8,0,0,0,0,23,10,0
Brandon Pierrick,0,0,0,0,0,0,0,0,0,0
Erik Pieters,0,21,20,0,0,1,0,97,32,17
Daniel Podence,0,5,9,3,1,0,0,12,0,6
Paul Pogba,0,26,18,2,2,1,0,109,29,11
Nick Pope,0,0,7,0,0,0,0,37,20,1
Dennis Praet,0,18,13,1,0,1,0,74,5,13
Sebastian Pr?dl,0,1,0,0,0,0,0,3,3,1
Davy Pr?pper,0,31,18,0,0,0,0,236,28,22
Teemu Pukki,0,23,15,17,0,0,0,62,5,44
Christian Pulisic,0,14,30,3,2,0,0,79,20,45
Ignacio Pussetto,0,3,2,0,0,0,0,10,1,3
Domingos Quina,0,1,1,0,0,0,0,4,0,2
Aaron Ramsdale,0,0,4,0,0,0,0,17,10,4
Darren Randolph,0,0,0,0,0,0,0,1,0,0
Marcus Rashford,0,21,45,13,4,0,0,81,20,43
Nathan Redmond,0,23,31,5,0,0,0,203,17,43
Pepe Reina,0,1,4,0,0,0,0,11,5,0
Declan Rice,0,41,7,2,0,1,0,312,51,34
Richarlison,0,43,72,17,0,1,0,169,74,119
Diego Rico,0,18,22,2,0,0,0,168,33,28
Ja?ro Riedewald,0,3,2,0,0,0,0,47,3,5
Matt Ritchie,0,26,16,0,0,1,0,78,21,18
Roberto,0,0,1,0,0,0,1,18,4,0
Patrick Roberts,0,1,2,0,0,0,0,2,0,0
Andrew Robertson,0,18,13,2,0,0,0,210,33,34
Callum Robinson,0,11,4,1,0,0,0,28,4,19
Jack Robinson,0,4,4,1,0,0,0,30,14,9
Rodri,0,43,32,0,0,0,0,228,57,29
Jay Rodriguez,0,26,15,22,0,0,0,67,78,148
Jack Rodwell,0,0,0,0,0,0,0,1,0,1
Marcos Rojo,0,2,1,0,0,0,0,7,2,2
Oriol Romeu,0,39,16,1,0,0,0,152,42,38
Danny Rose,0,14,17,0,0,0,0,45,9,6
Danny Rose1,0,11,23,0,0,0,0,50,10,11
Antonio R?diger,0,19,8,0,0,0,1,141,57,37
Lukas Rupp,0,10,6,0,0,0,0,56,5,14
Mathew Ryan,0,0,4,0,0,0,0,20,10,0
Allan Saint-Maximin,0,18,48,3,0,0,0,115,8,23
Romain Sa?ss,1,43,24,2,0,0,0,185,119,68
Bukayo Saka,0,22,28,10,0,0,0,87,7,41
Mamadou Sakho,0,3,2,0,0,0,0,67,17,17
Mohamed Salah,0,17,18,20,1,0,0,85,15,45
Mbwana Samatta,0,9,18,8,0,0,0,24,40,72
Carlos S?nchez,0,2,0,0,0,0,0,10,2,2
Davinson S?nchez,0,27,12,1,0,0,0,144,53,45
Leroy San?,0,0,0,0,0,0,0,1,0,0
Ismaila Sarr,0,22,47,13,2,0,0,121,19,44
Fabian Sch?r,0,29,25,2,0,0,0,112,33,33
Ezequiel Schelotto,0,7,4,1,0,0,0,25,6,2
Jeffrey Schlupp,0,17,12,1,0,0,0,42,20,24
Kasper Schmeichel,0,0,7,0,0,0,0,43,6,2
Morgan Schneiderlin,1,18,2,0,0,0,0,55,16,11
Ryan Sessegnon,0,4,2,2,0,1,0,18,6,5
Xherdan Shaqiri,0,1,3,1,0,0,0,15,3,4
Billy Sharp,0,20,32,11,0,0,0,45,19,39
Luke Shaw,0,23,10,4,0,0,0,92,30,23
Jonjo Shelvey,0,19,6,1,0,0,0,139,17,13
Djibril Sidib?,0,24,19,2,0,0,0,148,28,31
Gylfi Sigur?sson,0,34,23,2,0,0,0,147,14,24
Bernardo Silva,0,23,20,2,0,1,0,129,14,23
David Silva,0,20,20,3,0,0,0,86,7,18
Jack Simpson,0,1,1,0,0,0,0,18,4,2
Moussa Sissoko,0,44,16,2,0,1,0,204,26,24
Oliver Skipp,0,1,0,0,0,0,0,5,0,2
William Smallbone,0,2,6,0,0,0,0,32,3,17
Adam Smith,0,25,40,2,0,2,0,92,34,28
Emile Smith Rowe,0,0,1,0,0,0,0,5,0,0
Robert Snodgrass,0,20,32,4,0,0,0,101,14,26
C?dric Soares,0,6,1,0,0,0,0,10,2,3
C?dric Soares1,0,10,3,0,0,0,0,59,18,26
Dominic Solanke,0,15,23,4,0,0,0,83,63,91
Tom?? Sou?ek,0,11,9,0,0,0,1,48,70,40
?a?lar S?y?nc?,0,30,20,1,0,2,0,195,105,62
Dennis Srbeny,0,1,0,0,0,0,0,5,2,8
Jack Stacey,0,10,10,1,0,0,0,88,27,20
Junior Stanislas,0,5,4,1,0,0,0,43,8,8
Jed Steer,0,0,0,0,0,0,0,0,0,0
Dale Stephens,0,42,6,0,0,0,0,230,19,22
Jack Stephens,0,14,13,0,0,1,0,140,49,66
Raheem Sterling,0,30,40,12,3,0,0,96,22,34
Enda Stevens,0,39,19,2,0,0,0,226,31,31
Marco Stiepermann,0,22,15,0,0,0,0,56,15,56
John Stones,0,5,1,1,0,0,0,69,44,24
Isaac Success,0,2,2,0,0,0,0,2,0,8
Ki Sung-yueng,0,1,3,0,0,0,0,4,2,0
Andrew Surman,0,1,1,0,0,0,0,18,4,6
Sam Surridge,0,2,1,0,0,0,0,1,4,5
Japhet Tanganga,0,8,4,0,0,0,0,27,18,11
Matt Targett,0,27,17,0,0,0,0,122,36,37
James Tarkowski,0,49,32,3,0,0,0,180,196,69
Charlie Taylor,0,17,28,2,0,0,0,111,45,27
Neil Taylor,0,8,6,0,0,0,0,56,9,15
Nathan Tella,0,0,1,0,0,0,0,0,1,1
Alexander Tettey,0,21,7,0,0,0,0,165,35,29
Jordan Thomas,0,0,0,0,0,0,0,0,0,1
Luke Thomas,0,1,3,0,0,0,0,12,5,8
Max Thompson,0,0,0,0,0,0,0,0,0,1
Youri Tielemans,0,32,49,1,0,0,0,188,25,30
Kieran Tierney,0,8,12,0,0,1,0,60,9,15
James Tomkins,0,14,10,1,0,0,0,82,60,32
Fikayo Tomori,0,7,6,1,0,0,0,95,34,28
Lucas Torreira,0,24,43,0,0,0,0,107,10,21
Cenk Tosun,0,4,4,1,0,0,0,6,6,17
Cenk Tosun1,0,4,4,1,0,0,0,6,6,20
Andros Townsend,0,9,26,1,0,0,0,97,4,11
Adama Traor?,0,39,77,6,0,0,0,118,45,52
Mark Travers,0,0,0,0,0,0,0,2,0,0
Tr?z?guet,1,35,32,6,1,0,0,79,28,44
Leandro Trossard,0,14,11,4,0,0,0,100,2,17
Tom Trybull,0,26,11,2,0,0,0,63,23,14
Axel Tuanzebe,0,3,3,0,0,0,0,15,3,11
Yan Valery,0,7,8,3,0,0,0,45,20,17
Jes?s Vallejo,0,2,1,0,0,0,0,11,5,3
Virgil van Dijk,0,16,25,1,0,0,0,220,188,56
Jamie Vardy,0,20,12,28,1,0,0,44,54,96
Indiana Vassilev,0,0,1,2,0,0,0,1,0,0
Jan Vertonghen,0,7,17,0,0,1,0,108,59,25
Jannik Vestergaard,0,9,9,0,0,0,0,80,81,29
R?ben Vinagre,0,7,8,0,0,0,0,45,7,10
Jake Vokins,0,0,1,0,0,0,0,1,0,0
Mario Vran?i?,0,13,13,1,0,0,0,46,8,9
Mat?j Vydra,0,1,12,3,0,0,0,16,19,47
Theo Walcott,0,9,17,10,0,0,0,51,7,16
Kyle Walker,0,27,15,3,0,0,0,144,30,33
Kyle Walker-Peters,0,6,21,1,0,0,0,62,6,14
Kyle Walker-Peters1,0,1,5,1,0,0,0,13,2,5
Aaron Wan-Bissaka,0,21,19,1,0,1,0,179,24,34
Victor Wanyama,0,1,1,0,0,0,0,4,1,0
Joel Ward,0,24,29,0,0,0,0,116,51,28
James Ward-Prowse,0,57,43,0,1,0,0,249,69,64
Kelland Watts,0,0,0,0,0,0,0,1,0,0
Adam Webster,0,13,19,0,0,2,1,177,107,64
Danny Welbeck,0,9,10,2,1,0,0,27,28,25
Ashley Westwood,0,33,33,1,0,0,0,262,15,25
Connor Wickham,0,4,0,1,0,0,0,1,10,10
Georginio Wijnaldum,0,15,32,1,0,0,0,189,30,51
Jetro Willems,0,10,17,1,0,0,0,95,22,16
Brandon Williams,0,13,15,1,1,0,0,68,10,9
Neco Williams,0,5,2,0,0,0,0,16,6,3
Willian,0,17,45,4,1,0,0,185,10,19
Joe Willock,0,10,13,0,0,0,0,62,8,14
Jack Wilshere,0,1,8,0,0,0,0,11,6,1
Callum Wilson,0,55,40,32,2,0,0,70,65,144
Harry Wilson,0,12,41,1,0,2,0,85,6,22
Harry Winks,0,24,23,0,0,0,0,162,14,8
Chris Wood,0,34,28,35,0,0,1,50,117,183
Granit Xhaka,0,56,32,0,0,1,0,195,45,54
Andriy Yarmolenko,0,16,10,8,0,0,0,49,4,13
DeAndre Yedlin,0,8,9,2,0,0,0,38,8,13
Maya Yoshida,0,3,5,0,0,0,0,33,13,7
Ashley Young,0,14,16,0,0,0,0,59,13,7
Pablo Zabaleta,0,7,9,0,0,0,0,27,8,12
Wilfried Zaha,0,48,120,16,1,0,0,181,10,25
Christoph Zimmermann,0,9,9,0,0,2,0,79,27,22
Oleksandr Zinchenko,1,13,2,1,0,0,0,82,26,22
Richairo ?ivkovi?,0,1,1,0,0,0,0,4,0,12
Kurt Zouma,0,30,14,1,0,1,1,150,105,34
