,Player,Pos,Age,90s,GA,PKA,FK,CK,OG,PSxG,PSxG/SoT,PSxG+/-,/90,Cmp,Att,Cmp%,Att.1,Thr,Launch%,AvgLen,Att.2,Launch%.1,AvgLen.1,Opp,Stp,Stp%,#OPA,#OPA/90,AvgDist,MP,Starts,Min,GA90,SoTA,Saves,Save%,W,D,L,CS,CS%,PKatt,PKsv,PKm,Save%.1,CrdY,CrdR,2CrdY,Fls,Fld,Off,Crs,Int,TklW,PKwon,PKcon,Recov,Won,Lost,Won%,Mn/MP,Min%,Mn/Start,Compl,Subs,Mn/Sub,unSub,PPM,onG,onGA,+/-,+/-90,On-Off,onxG,onxGA,xG+/-,xG+/-90,On-Off.1,Touches,Def,Def.1,Mid,Live,Succ,Succ%,Tkld,Tkld%,Carries,TotDist,PrgDist,PrgC,1/3,CPA,Mis,Dis,Rec,PrgR,Tkl,Tkl.1,Tkl%,Blocks,Sh,Pass,Tkl+Int,Clr,Err,SCA,SCA90,PassLive,PassDead,TO,GCA,GCA90,PassLive.1,PassDead.1,TO.1,Sh.1,Fld.1,Dead,TB,Sw,TI,In,Out,Str,Cmp.1,Cmp%.1,Cmp.2,Cmp%.2,Cmp.3,Att.3,Cmp%.3,Ast,xAG,xA,A-xAG,KP,PPA,CrsPA,PrgP,Gls,SoT,SoT%,Sh/90,SoT/90,G/Sh,G/SoT,Dist,PK,xG,npxG,npxG/Sh,G-xG,np:G-xG,G+A,G-PK,npxG+xAG,Gls.1,Ast.1,G+A.1,G-PK.1,G+A-PK,xG.1,xAG.1,xG+xAG,npxG.1,npxG+xAG.1
0,Emiliano Martínez,GK,29,34.9,38.0,4.0,1.0,6.0,4.0,36.6,0.24,2.6,0.07,199.0,523.0,38.0,1171.0,135.0,35.5,33.0,212.0,50.5,40.7,483.0,60.0,12.4,73.0,2.09,16.6,,,,,,,,,,,,,,,,,,,,,,,,,,,,,,,,,,,,,,,,,,,,,,,,,,,,,,,,,,,,,,,,,,,,,,,,,,,,,,,,,,,,,,,,,,,,,,,,,,,,,,,,,,,,,,,,,,,,,,,,,,,,,,,,,,,,,,,,,,
1,Robin Olsen,GK,32,3.1,8.0,1.0,0.0,3.0,0.0,6.2,0.29,-1.8,-0.57,15.0,62.0,24.2,101.0,18.0,44.6,37.6,28.0,60.7,46.8,45.0,5.0,11.1,3.0,0.96,14.2,,,,,,,,,,,,,,,,,,,,,,,,,,,,,,,,,,,,,,,,,,,,,,,,,,,,,,,,,,,,,,,,,,,,,,,,,,,,,,,,,,,,,,,,,,,,,,,,,,,,,,,,,,,,,,,,,,,,,,,,,,,,,,,,,,,,,,,,,,
2,Emiliano Martínez,GK,29,34.9,38.0,4.0,,,,,,,,,,,,,,,,,,,,,,,,36.0,36.0,"3,139",1.09,132.0,97.0,74.2,17.0,7.0,12.0,11.0,30.6,5.0,1.0,0.0,20.0,,,,,,,,,,,,,,,,,,,,,,,,,,,,,,,,,,,,,,,,,,,,,,,,,,,,,,,,,,,,,,,,,,,,,,,,,,,,,,,,,,,,,,,,,,,,,,,,,,,,,,,,,,,,,,,,,,,,,,,,,,
3,Robin Olsen,GK,32,3.1,8.0,1.0,,,,,,,,,,,,,,,,,,,,,,,,4.0,2.0,281,2.56,19.0,11.0,63.2,1.0,0.0,1.0,1.0,50.0,1.0,0.0,0.0,0.0,,,,,,,,,,,,,,,,,,,,,,,,,,,,,,,,,,,,,,,,,,,,,,,,,,,,,,,,,,,,,,,,,,,,,,,,,,,,,,,,,,,,,,,,,,,,,,,,,,,,,,,,,,,,,,,,,,,,,,,,,,
4,Ezri Konsa,DF,24,36.9,,,,,0.0,,,,,,,,,,,,,,,,,,,,,,,,,,,,,,,,,,,,,6.0,0.0,0.0,12.0,64.0,0.0,4.0,26.0,20.0,0.0,0.0,164.0,55.0,37.0,59.8,,,,,,,,,,,,,,,,,,,,,,,,,,,,,,,,,,,,,,,,,,,,,,,,,,,,,,,,,,,,,,,,,,,,,,,,,,,,,,,,,,,,,,,,,,,,,,,,,,,,,,,,,,,
5,Emiliano Martínez,GK,29,34.9,,,,,1.0,,,,,,,,,,,,,,,,,,,,,,,,,,,,,,,,,,,,,7.0,0.0,0.0,1.0,6.0,0.0,0.0,1.0,0.0,0.0,1.0,41.0,13.0,0.0,100.0,,,,,,,,,,,,,,,,,,,,,,,,,,,,,,,,,,,,,,,,,,,,,,,,,,,,,,,,,,,,,,,,,,,,,,,,,,,,,,,,,,,,,,,,,,,,,,,,,,,,,,,,,,,
6,Ollie Watkins,FW,26,34.7,,,,,0.0,,,,,,,,,,,,,,,,,,,,,,,,,,,,,,,,,,,,,4.0,0.0,0.0,26.0,39.0,18.0,9.0,10.0,13.0,1.0,0.0,59.0,70.0,100.0,41.2,,,,,,,,,,,,,,,,,,,,,,,,,,,,,,,,,,,,,,,,,,,,,,,,,,,,,,,,,,,,,,,,,,,,,,,,,,,,,,,,,,,,,,,,,,,,,,,,,,,,,,,,,,,
7,Tyrone Mings,DF,29,35.0,,,,,1.0,,,,,,,,,,,,,,,,,,,,,,,,,,,,,,,,,,,,,7.0,0.0,0.0,18.0,22.0,3.0,3.0,54.0,7.0,1.0,0.0,174.0,61.0,24.0,71.8,,,,,,,,,,,,,,,,,,,,,,,,,,,,,,,,,,,,,,,,,,,,,,,,,,,,,,,,,,,,,,,,,,,,,,,,,,,,,,,,,,,,,,,,,,,,,,,,,,,,,,,,,,,
8,Douglas Luiz,MF,24,32.5,,,,,0.0,,,,,,,,,,,,,,,,,,,,,,,,,,,,,,,,,,,,,6.0,1.0,0.0,48.0,42.0,2.0,106.0,40.0,42.0,0.0,0.0,197.0,25.0,22.0,53.2,,,,,,,,,,,,,,,,,,,,,,,,,,,,,,,,,,,,,,,,,,,,,,,,,,,,,,,,,,,,,,,,,,,,,,,,,,,,,,,,,,,,,,,,,,,,,,,,,,,,,,,,,,,
9,Jacob Ramsey,"MF,FW",21,29.3,,,,,1.0,,,,,,,,,,,,,,,,,,,,,,,,,,,,,,,,,,,,,5.0,0.0,0.0,35.0,45.0,2.0,18.0,23.0,39.0,0.0,1.0,141.0,16.0,33.0,32.7,,,,,,,,,,,,,,,,,,,,,,,,,,,,,,,,,,,,,,,,,,,,,,,,,,,,,,,,,,,,,,,,,,,,,,,,,,,,,,,,,,,,,,,,,,,,,,,,,,,,,,,,,,,
10,John McGinn,"MF,FW",27,29.9,,,,,0.0,,,,,,,,,,,,,,,,,,,,,,,,,,,,,,,,,,,,,7.0,0.0,0.0,41.0,66.0,0.0,50.0,24.0,36.0,2.0,0.0,176.0,22.0,21.0,51.2,,,,,,,,,,,,,,,,,,,,,,,,,,,,,,,,,,,,,,,,,,,,,,,,,,,,,,,,,,,,,,,,,,,,,,,,,,,,,,,,,,,,,,,,,,,,,,,,,,,,,,,,,,,
11,Emi Buendía,"MF,FW",25,26.8,,,,,0.0,,,,,,,,,,,,,,,,,,,,,,,,,,,,,,,,,,,,,0.0,0.0,0.0,43.0,44.0,1.0,18.0,20.0,23.0,0.0,0.0,138.0,23.0,54.0,29.9,,,,,,,,,,,,,,,,,,,,,,,,,,,,,,,,,,,,,,,,,,,,,,,,,,,,,,,,,,,,,,,,,,,,,,,,,,,,,,,,,,,,,,,,,,,,,,,,,,,,,,,,,,,
12,Leon Bailey,"FW,MF",24,21.9,,,,,0.0,,,,,,,,,,,,,,,,,,,,,,,,,,,,,,,,,,,,,4.0,0.0,0.0,29.0,22.0,9.0,96.0,6.0,6.0,0.0,1.0,72.0,24.0,46.0,34.3,,,,,,,,,,,,,,,,,,,,,,,,,,,,,,,,,,,,,,,,,,,,,,,,,,,,,,,,,,,,,,,,,,,,,,,,,,,,,,,,,,,,,,,,,,,,,,,,,,,,,,,,,,,
13,Ashley Young,DF,37,22.6,,,,,0.0,,,,,,,,,,,,,,,,,,,,,,,,,,,,,,,,,,,,,7.0,0.0,0.0,24.0,28.0,1.0,42.0,21.0,27.0,0.0,1.0,131.0,13.0,11.0,54.2,,,,,,,,,,,,,,,,,,,,,,,,,,,,,,,,,,,,,,,,,,,,,,,,,,,,,,,,,,,,,,,,,,,,,,,,,,,,,,,,,,,,,,,,,,,,,,,,,,,,,,,,,,,
14,Boubacar Kamara,MF,22,19.7,,,,,0.0,,,,,,,,,,,,,,,,,,,,,,,,,,,,,,,,,,,,,4.0,0.0,0.0,34.0,31.0,0.0,1.0,19.0,25.0,0.0,0.0,126.0,22.0,17.0,56.4,,,,,,,,,,,,,,,,,,,,,,,,,,,,,,,,,,,,,,,,,,,,,,,,,,,,,,,,,,,,,,,,,,,,,,,,,,,,,,,,,,,,,,,,,,,,,,,,,,,,,,,,,,,
15,Matty Cash,DF,24,20.2,,,,,0.0,,,,,,,,,,,,,,,,,,,,,,,,,,,,,,,,,,,,,4.0,0.0,0.0,21.0,15.0,2.0,46.0,26.0,32.0,0.0,1.0,108.0,12.0,13.0,48.0,,,,,,,,,,,,,,,,,,,,,,,,,,,,,,,,,,,,,,,,,,,,,,,,,,,,,,,,,,,,,,,,,,,,,,,,,,,,,,,,,,,,,,,,,,,,,,,,,,,,,,,,,,,
16,Lucas Digne,DF,29,16.7,,,,,1.0,,,,,,,,,,,,,,,,,,,,,,,,,,,,,,,,,,,,,5.0,0.0,0.0,19.0,23.0,2.0,77.0,18.0,12.0,0.0,1.0,86.0,26.0,17.0,60.5,,,,,,,,,,,,,,,,,,,,,,,,,,,,,,,,,,,,,,,,,,,,,,,,,,,,,,,,,,,,,,,,,,,,,,,,,,,,,,,,,,,,,,,,,,,,,,,,,,,,,,,,,,,
17,Álex Moreno,DF,29,14.8,,,,,0.0,,,,,,,,,,,,,,,,,,,,,,,,,,,,,,,,,,,,,3.0,0.0,0.0,17.0,11.0,0.0,48.0,7.0,14.0,0.0,0.0,69.0,9.0,12.0,42.9,,,,,,,,,,,,,,,,,,,,,,,,,,,,,,,,,,,,,,,,,,,,,,,,,,,,,,,,,,,,,,,,,,,,,,,,,,,,,,,,,,,,,,,,,,,,,,,,,,,,,,,,,,,
18,Danny Ings,FW,30,9.2,,,,,0.0,,,,,,,,,,,,,,,,,,,,,,,,,,,,,,,,,,,,,3.0,0.0,0.0,8.0,5.0,9.0,4.0,1.0,5.0,0.0,0.0,19.0,16.0,12.0,57.1,,,,,,,,,,,,,,,,,,,,,,,,,,,,,,,,,,,,,,,,,,,,,,,,,,,,,,,,,,,,,,,,,,,,,,,,,,,,,,,,,,,,,,,,,,,,,,,,,,,,,,,,,,,
19,Philippe Coutinho,"MF,FW",30,8.8,,,,,0.0,,,,,,,,,,,,,,,,,,,,,,,,,,,,,,,,,,,,,3.0,0.0,0.0,16.0,14.0,2.0,19.0,4.0,14.0,0.0,0.0,41.0,3.0,13.0,18.8,,,,,,,,,,,,,,,,,,,,,,,,,,,,,,,,,,,,,,,,,,,,,,,,,,,,,,,,,,,,,,,,,,,,,,,,,,,,,,,,,,,,,,,,,,,,,,,,,,,,,,,,,,,
20,Leander Dendoncker,MF,27,7.7,,,,,0.0,,,,,,,,,,,,,,,,,,,,,,,,,,,,,,,,,,,,,0.0,0.0,0.0,1.0,1.0,0.0,2.0,10.0,9.0,0.0,0.0,36.0,10.0,8.0,55.6,,,,,,,,,,,,,,,,,,,,,,,,,,,,,,,,,,,,,,,,,,,,,,,,,,,,,,,,,,,,,,,,,,,,,,,,,,,,,,,,,,,,,,,,,,,,,,,,,,,,,,,,,,,
21,Calum Chambers,"DF,MF",27,3.9,,,,,0.0,,,,,,,,,,,,,,,,,,,,,,,,,,,,,,,,,,,,,2.0,0.0,0.0,7.0,2.0,0.0,4.0,7.0,6.0,0.0,0.0,23.0,3.0,6.0,33.3,,,,,,,,,,,,,,,,,,,,,,,,,,,,,,,,,,,,,,,,,,,,,,,,,,,,,,,,,,,,,,,,,,,,,,,,,,,,,,,,,,,,,,,,,,,,,,,,,,,,,,,,,,,
22,Robin Olsen,GK,32,3.1,,,,,0.0,,,,,,,,,,,,,,,,,,,,,,,,,,,,,,,,,,,,,0.0,0.0,0.0,0.0,0.0,0.0,0.0,0.0,0.0,0.0,0.0,3.0,0.0,0.0,,,,,,,,,,,,,,,,,,,,,,,,,,,,,,,,,,,,,,,,,,,,,,,,,,,,,,,,,,,,,,,,,,,,,,,,,,,,,,,,,,,,,,,,,,,,,,,,,,,,,,,,,,,,
23,Diego Carlos,DF,29,2.3,,,,,0.0,,,,,,,,,,,,,,,,,,,,,,,,,,,,,,,,,,,,,0.0,0.0,0.0,2.0,0.0,0.0,1.0,1.0,0.0,0.0,0.0,14.0,6.0,3.0,66.7,,,,,,,,,,,,,,,,,,,,,,,,,,,,,,,,,,,,,,,,,,,,,,,,,,,,,,,,,,,,,,,,,,,,,,,,,,,,,,,,,,,,,,,,,,,,,,,,,,,,,,,,,,,
24,Bertrand Traoré,"FW,MF",26,2.6,,,,,0.0,,,,,,,,,,,,,,,,,,,,,,,,,,,,,,,,,,,,,1.0,0.0,0.0,2.0,8.0,3.0,5.0,2.0,1.0,0.0,0.0,8.0,2.0,4.0,33.3,,,,,,,,,,,,,,,,,,,,,,,,,,,,,,,,,,,,,,,,,,,,,,,,,,,,,,,,,,,,,,,,,,,,,,,,,,,,,,,,,,,,,,,,,,,,,,,,,,,,,,,,,,,
25,Jan Bednarek,DF,26,1.1,,,,,0.0,,,,,,,,,,,,,,,,,,,,,,,,,,,,,,,,,,,,,0.0,0.0,0.0,1.0,1.0,0.0,0.0,2.0,3.0,0.0,0.0,4.0,0.0,0.0,,,,,,,,,,,,,,,,,,,,,,,,,,,,,,,,,,,,,,,,,,,,,,,,,,,,,,,,,,,,,,,,,,,,,,,,,,,,,,,,,,,,,,,,,,,,,,,,,,,,,,,,,,,,
26,Ludwig Augustinsson,DF,28,0.9,,,,,0.0,,,,,,,,,,,,,,,,,,,,,,,,,,,,,,,,,,,,,1.0,0.0,0.0,1.0,3.0,0.0,5.0,0.0,1.0,0.0,0.0,9.0,4.0,1.0,80.0,,,,,,,,,,,,,,,,,,,,,,,,,,,,,,,,,,,,,,,,,,,,,,,,,,,,,,,,,,,,,,,,,,,,,,,,,,,,,,,,,,,,,,,,,,,,,,,,,,,,,,,,,,,
27,Jhon Durán,"FW,MF",18,1.5,,,,,0.0,,,,,,,,,,,,,,,,,,,,,,,,,,,,,,,,,,,,,1.0,0.0,0.0,9.0,3.0,3.0,2.0,2.0,2.0,0.0,0.0,5.0,7.0,10.0,41.2,,,,,,,,,,,,,,,,,,,,,,,,,,,,,,,,,,,,,,,,,,,,,,,,,,,,,,,,,,,,,,,,,,,,,,,,,,,,,,,,,,,,,,,,,,,,,,,,,,,,,,,,,,,
28,Cameron Archer,"FW,MF",21,0.5,,,,,0.0,,,,,,,,,,,,,,,,,,,,,,,,,,,,,,,,,,,,,0.0,0.0,0.0,2.0,1.0,1.0,1.0,0.0,0.0,0.0,0.0,2.0,0.0,0.0,,,,,,,,,,,,,,,,,,,,,,,,,,,,,,,,,,,,,,,,,,,,,,,,,,,,,,,,,,,,,,,,,,,,,,,,,,,,,,,,,,,,,,,,,,,,,,,,,,,,,,,,,,,,
29,Morgan Sanson,MF,27,0.1,,,,,0.0,,,,,,,,,,,,,,,,,,,,,,,,,,,,,,,,,,,,,0.0,0.0,0.0,0.0,2.0,0.0,0.0,0.0,1.0,0.0,0.0,1.0,0.0,1.0,0.0,,,,,,,,,,,,,,,,,,,,,,,,,,,,,,,,,,,,,,,,,,,,,,,,,,,,,,,,,,,,,,,,,,,,,,,,,,,,,,,,,,,,,,,,,,,,,,,,,,,,,,,,,,,
30,Ezri Konsa,DF,24,36.9,,,,,,,,,,,,,,,,,,,,,,,,,,38.0,37.0,"3,322",,,,,,,,,,,,,,,,,,,,,,,,,,,,,87.0,97.1,90.0,36.0,1.0,1.0,0.0,1.61,49.0,45.0,4.0,0.11,-0.81,47.7,51.1,-3.4,-0.09,-1.15,,,,,,,,,,,,,,,,,,,,,,,,,,,,,,,,,,,,,,,,,,,,,,,,,,,,,,,,,,,,,,,,,,,,,,,,,,,,,,,,,,,,,,,,,
31,Emiliano Martínez,GK,29,34.9,,,,,,,,,,,,,,,,,,,,,,,,,,36.0,36.0,"3,139",,,,,,,,,,,,,,,,,,,,,,,,,,,,,87.0,91.8,87.0,34.0,0.0,1.0,1.61,47.0,38.0,9.0,0.26,1.54,46.5,43.9,2.6,0.08,1.64,,,,,,,,,,,,,,,,,,,,,,,,,,,,,,,,,,,,,,,,,,,,,,,,,,,,,,,,,,,,,,,,,,,,,,,,,,,,,,,,,,,,,,,,,,
32,Ollie Watkins,FW,26,34.7,,,,,,,,,,,,,,,,,,,,,,,,,,37.0,36.0,"3,127",,,,,,,,,,,,,,,,,,,,,,,,,,,,,85.0,91.4,86.0,26.0,1.0,25.0,0.0,1.57,47.0,40.0,7.0,0.2,0.82,44.8,47.1,-2.3,-0.07,-0.08,,,,,,,,,,,,,,,,,,,,,,,,,,,,,,,,,,,,,,,,,,,,,,,,,,,,,,,,,,,,,,,,,,,,,,,,,,,,,,,,,,,,,,,,,
33,Tyrone Mings,DF,29,35.0,,,,,,,,,,,,,,,,,,,,,,,,,,35.0,35.0,"3,150",,,,,,,,,,,,,,,,,,,,,,,,,,,,,90.0,92.1,90.0,35.0,0.0,1.0,1.74,50.0,40.0,10.0,0.29,1.95,48.8,48.0,0.8,0.02,1.05,,,,,,,,,,,,,,,,,,,,,,,,,,,,,,,,,,,,,,,,,,,,,,,,,,,,,,,,,,,,,,,,,,,,,,,,,,,,,,,,,,,,,,,,,,
34,Douglas Luiz,MF,24,32.5,,,,,,,,,,,,,,,,,,,,,,,,,,37.0,33.0,"2,927",,,,,,,,,,,,,,,,,,,,,,,,,,,,,79.0,85.6,86.0,23.0,4.0,23.0,1.0,1.57,46.0,33.0,13.0,0.4,1.86,43.3,41.5,1.7,0.05,0.78,,,,,,,,,,,,,,,,,,,,,,,,,,,,,,,,,,,,,,,,,,,,,,,,,,,,,,,,,,,,,,,,,,,,,,,,,,,,,,,,,,,,,,,,,
35,Jacob Ramsey,"MF,FW",21,29.3,,,,,,,,,,,,,,,,,,,,,,,,,,35.0,31.0,"2,636",,,,,,,,,,,,,,,,,,,,,,,,,,,,,75.0,77.1,82.0,16.0,4.0,26.0,0.0,1.63,40.0,33.0,7.0,0.24,0.47,38.9,40.7,-1.9,-0.06,-0.02,,,,,,,,,,,,,,,,,,,,,,,,,,,,,,,,,,,,,,,,,,,,,,,,,,,,,,,,,,,,,,,,,,,,,,,,,,,,,,,,,,,,,,,,,
36,John McGinn,"MF,FW",27,29.9,,,,,,,,,,,,,,,,,,,,,,,,,,34.0,30.0,"2,693",,,,,,,,,,,,,,,,,,,,,,,,,,,,,79.0,78.7,86.0,22.0,4.0,26.0,1.0,1.59,36.0,31.0,5.0,0.17,0.17,39.4,38.0,1.4,0.05,0.5,,,,,,,,,,,,,,,,,,,,,,,,,,,,,,,,,,,,,,,,,,,,,,,,,,,,,,,,,,,,,,,,,,,,,,,,,,,,,,,,,,,,,,,,,
37,Emi Buendía,"MF,FW",25,26.8,,,,,,,,,,,,,,,,,,,,,,,,,,38.0,27.0,"2,412",,,,,,,,,,,,,,,,,,,,,,,,,,,,,63.0,70.5,79.0,8.0,11.0,26.0,0.0,1.61,40.0,34.0,6.0,0.22,0.31,36.9,37.2,-0.3,-0.01,0.16,,,,,,,,,,,,,,,,,,,,,,,,,,,,,,,,,,,,,,,,,,,,,,,,,,,,,,,,,,,,,,,,,,,,,,,,,,,,,,,,,,,,,,,,,
38,Leon Bailey,"FW,MF",24,21.9,,,,,,,,,,,,,,,,,,,,,,,,,,33.0,26.0,"1,967",,,,,,,,,,,,,,,,,,,,,,,,,,,,,60.0,57.5,70.0,4.0,7.0,21.0,0.0,1.61,27.0,32.0,-5.0,-0.23,-0.85,30.7,35.5,-4.8,-0.22,-0.38,,,,,,,,,,,,,,,,,,,,,,,,,,,,,,,,,,,,,,,,,,,,,,,,,,,,,,,,,,,,,,,,,,,,,,,,,,,,,,,,,,,,,,,,,
39,Ashley Young,DF,37,22.6,,,,,,,,,,,,,,,,,,,,,,,,,,29.0,23.0,"2,036",,,,,,,,,,,,,,,,,,,,,,,,,,,,,70.0,59.5,82.0,15.0,6.0,25.0,9.0,1.69,27.0,28.0,-1.0,-0.04,-0.43,25.9,32.0,-6.1,-0.27,-0.52,,,,,,,,,,,,,,,,,,,,,,,,,,,,,,,,,,,,,,,,,,,,,,,,,,,,,,,,,,,,,,,,,,,,,,,,,,,,,,,,,,,,,,,,,
40,Boubacar Kamara,MF,22,19.7,,,,,,,,,,,,,,,,,,,,,,,,,,24.0,21.0,"1,777",,,,,,,,,,,,,,,,,,,,,,,,,,,,,74.0,52.0,83.0,14.0,3.0,14.0,0.0,1.63,28.0,30.0,-2.0,-0.1,-0.48,24.2,33.1,-8.9,-0.45,-0.81,,,,,,,,,,,,,,,,,,,,,,,,,,,,,,,,,,,,,,,,,,,,,,,,,,,,,,,,,,,,,,,,,,,,,,,,,,,,,,,,,,,,,,,,,
41,Matty Cash,DF,24,20.2,,,,,,,,,,,,,,,,,,,,,,,,,,26.0,20.0,"1,820",,,,,,,,,,,,,,,,,,,,,,,,,,,,,70.0,53.2,85.0,15.0,6.0,21.0,1.0,1.46,28.0,29.0,-1.0,-0.05,-0.39,28.7,27.4,1.3,0.06,0.26,,,,,,,,,,,,,,,,,,,,,,,,,,,,,,,,,,,,,,,,,,,,,,,,,,,,,,,,,,,,,,,,,,,,,,,,,,,,,,,,,,,,,,,,,
42,Lucas Digne,DF,29,16.7,,,,,,,,,,,,,,,,,,,,,,,,,,28.0,18.0,"1,502",,,,,,,,,,,,,,,,,,,,,,,,,,,,,54.0,43.9,75.0,10.0,10.0,15.0,4.0,1.46,22.0,25.0,-3.0,-0.18,-0.56,19.9,25.7,-5.8,-0.35,-0.52,,,,,,,,,,,,,,,,,,,,,,,,,,,,,,,,,,,,,,,,,,,,,,,,,,,,,,,,,,,,,,,,,,,,,,,,,,,,,,,,,,,,,,,,,
43,Álex Moreno,DF,29,14.8,,,,,,,,,,,,,,,,,,,,,,,,,,19.0,14.0,"1,329",,,,,,,,,,,,,,,,,,,,,,,,,,,,,70.0,38.9,81.0,5.0,5.0,40.0,0.0,1.89,23.0,10.0,13.0,0.88,1.22,19.7,18.6,1.1,0.07,0.21,,,,,,,,,,,,,,,,,,,,,,,,,,,,,,,,,,,,,,,,,,,,,,,,,,,,,,,,,,,,,,,,,,,,,,,,,,,,,,,,,,,,,,,,,
44,Danny Ings,FW,30,9.2,,,,,,,,,,,,,,,,,,,,,,,,,,18.0,8.0,824,,,,,,,,,,,,,,,,,,,,,,,,,,,,,46.0,24.1,80.0,3.0,10.0,19.0,1.0,1.33,9.0,13.0,-4.0,-0.44,-0.75,13.6,12.6,1.0,0.11,0.22,,,,,,,,,,,,,,,,,,,,,,,,,,,,,,,,,,,,,,,,,,,,,,,,,,,,,,,,,,,,,,,,,,,,,,,,,,,,,,,,,,,,,,,,,
45,Philippe Coutinho,"MF,FW",30,8.8,,,,,,,,,,,,,,,,,,,,,,,,,,20.0,7.0,788,,,,,,,,,,,,,,,,,,,,,,,,,,,,,39.0,23.0,72.0,1.0,13.0,22.0,2.0,1.1,9.0,9.0,0.0,0.0,-0.17,9.3,8.3,0.9,0.1,0.21,,,,,,,,,,,,,,,,,,,,,,,,,,,,,,,,,,,,,,,,,,,,,,,,,,,,,,,,,,,,,,,,,,,,,,,,,,,,,,,,,,,,,,,,,
46,Leander Dendoncker,MF,27,7.7,,,,,,,,,,,,,,,,,,,,,,,,,,20.0,7.0,697,,,,,,,,,,,,,,,,,,,,,,,,,,,,,35.0,20.4,75.0,2.0,13.0,13.0,7.0,1.55,13.0,11.0,2.0,0.26,0.16,10.7,11.0,-0.4,-0.05,0.02,,,,,,,,,,,,,,,,,,,,,,,,,,,,,,,,,,,,,,,,,,,,,,,,,,,,,,,,,,,,,,,,,,,,,,,,,,,,,,,,,,,,,,,,,
47,Calum Chambers,"DF,MF",27,3.9,,,,,,,,,,,,,,,,,,,,,,,,,,14.0,2.0,353,,,,,,,,,,,,,,,,,,,,,,,,,,,,,25.0,10.3,90.0,2.0,12.0,14.0,22.0,2.07,4.0,4.0,0.0,0.0,-0.15,3.5,5.6,-2.1,-0.53,-0.53,,,,,,,,,,,,,,,,,,,,,,,,,,,,,,,,,,,,,,,,,,,,,,,,,,,,,,,,,,,,,,,,,,,,,,,,,,,,,,,,,,,,,,,,,
48,Robin Olsen,GK,32,3.1,,,,,,,,,,,,,,,,,,,,,,,,,,4.0,2.0,281,,,,,,,,,,,,,,,,,,,,,,,,,,,,,70.0,8.2,90.0,2.0,2.0,51.0,30.0,1.0,4.0,8.0,-4.0,-1.28,-1.54,3.7,8.6,-4.9,-1.56,-1.64,,,,,,,,,,,,,,,,,,,,,,,,,,,,,,,,,,,,,,,,,,,,,,,,,,,,,,,,,,,,,,,,,,,,,,,,,,,,,,,,,,,,,,,,,
49,Diego Carlos,DF,29,2.3,,,,,,,,,,,,,,,,,,,,,,,,,,3.0,2.0,205,,,,,,,,,,,,,,,,,,,,,,,,,,,,,68.0,6.0,90.0,1.0,1.0,26.0,11.0,1.0,2.0,3.0,-1.0,-0.44,-0.61,3.6,1.9,1.7,0.74,0.85,,,,,,,,,,,,,,,,,,,,,,,,,,,,,,,,,,,,,,,,,,,,,,,,,,,,,,,,,,,,,,,,,,,,,,,,,,,,,,,,,,,,,,,,,
50,Bertrand Traoré,"FW,MF",26,2.6,,,,,,,,,,,,,,,,,,,,,,,,,,8.0,1.0,233,,,,,,,,,,,,,,,,,,,,,,,,,,,,,29.0,6.8,45.0,0.0,7.0,27.0,8.0,1.75,6.0,1.0,5.0,1.93,1.93,5.8,1.8,4.0,1.55,1.72,,,,,,,,,,,,,,,,,,,,,,,,,,,,,,,,,,,,,,,,,,,,,,,,,,,,,,,,,,,,,,,,,,,,,,,,,,,,,,,,,,,,,,,,,
51,Jan Bednarek,DF,26,1.1,,,,,,,,,,,,,,,,,,,,,,,,,,3.0,1.0,100,,,,,,,,,,,,,,,,,,,,,,,,,,,,,33.0,2.9,45.0,0.0,2.0,28.0,10.0,1.33,0.0,1.0,-1.0,-0.9,-1.06,2.4,1.1,1.3,1.17,1.27,,,,,,,,,,,,,,,,,,,,,,,,,,,,,,,,,,,,,,,,,,,,,,,,,,,,,,,,,,,,,,,,,,,,,,,,,,,,,,,,,,,,,,,,,
52,Ludwig Augustinsson,DF,28,0.9,,,,,,,,,,,,,,,,,,,,,,,,,,3.0,1.0,77,,,,,,,,,,,,,,,,,,,,,,,,,,,,,26.0,2.3,44.0,0.0,2.0,17.0,9.0,1.67,1.0,0.0,1.0,1.17,1.06,2.5,0.8,1.6,1.92,2.02,,,,,,,,,,,,,,,,,,,,,,,,,,,,,,,,,,,,,,,,,,,,,,,,,,,,,,,,,,,,,,,,,,,,,,,,,,,,,,,,,,,,,,,,,
53,Jhon Durán,"FW,MF",18,1.5,,,,,,,,,,,,,,,,,,,,,,,,,,12.0,0.0,136,,,,,,,,,,,,,,,,,,,,,,,,,,,,,11.0,4.0,0.0,12.0,11.0,5.0,1.42,3.0,4.0,-1.0,-0.66,-0.83,1.7,3.8,-2.2,-1.45,-1.45,,,,,,,,,,,,,,,,,,,,,,,,,,,,,,,,,,,,,,,,,,,,,,,,,,,,,,,,,,,,,,,,,,,,,,,,,,,,,,,,,,,,,,,,,,
54,Cameron Archer,"FW,MF",21,0.5,,,,,,,,,,,,,,,,,,,,,,,,,,6.0,0.0,49,,,,,,,,,,,,,,,,,,,,,,,,,,,,,8.0,1.4,0.0,6.0,8.0,8.0,1.17,0.0,1.0,-1.0,-1.84,-2.0,0.2,0.4,-0.1,-0.25,-0.19,,,,,,,,,,,,,,,,,,,,,,,,,,,,,,,,,,,,,,,,,,,,,,,,,,,,,,,,,,,,,,,,,,,,,,,,,,,,,,,,,,,,,,,,,,
55,Morgan Sanson,MF,27,0.1,,,,,,,,,,,,,,,,,,,,,,,,,,2.0,0.0,11,,,,,,,,,,,,,,,,,,,,,,,,,,,,,6.0,0.3,0.0,2.0,6.0,11.0,3.0,0.0,1.0,-1.0,-8.18,-8.34,0.0,0.4,-0.4,-3.44,-3.39,,,,,,,,,,,,,,,,,,,,,,,,,,,,,,,,,,,,,,,,,,,,,,,,,,,,,,,,,,,,,,,,,,,,,,,,,,,,,,,,,,,,,,,,,,
56,Lamare Bogarde,"DF,MF",18,3.0,,,,,,,,,,,,,,,,,,,,,,,,,,0.0,,0,,,,,,,,,,,,,,,,,,,,,,,,,,,,,0.0,0.0,,,,,,,,,,,,,,,,,,,,,,,,,,,,,,,,,,,,,,,,,,,,,,,,,,,,,,,,,,,,,,,,,,,,,,,,,,,,,,,,,,,,,,,,,,,,,,,,,,,,,,,,,
57,Tim Iroegbunam,MF,19,2.0,,,,,,,,,,,,,,,,,,,,,,,,,,0.0,,0,,,,,,,,,,,,,,,,,,,,,,,,,,,,,0.0,0.0,,,,,,,,,,,,,,,,,,,,,,,,,,,,,,,,,,,,,,,,,,,,,,,,,,,,,,,,,,,,,,,,,,,,,,,,,,,,,,,,,,,,,,,,,,,,,,,,,,,,,,,,,
58,Filip Marshall,GK,19,1.0,,,,,,,,,,,,,,,,,,,,,,,,,,0.0,,0,,,,,,,,,,,,,,,,,,,,,,,,,,,,,0.0,0.0,,,,,,,,,,,,,,,,,,,,,,,,,,,,,,,,,,,,,,,,,,,,,,,,,,,,,,,,,,,,,,,,,,,,,,,,,,,,,,,,,,,,,,,,,,,,,,,,,,,,,,,,,
59,Marvelous Nakamba,MF,28,9.0,,,,,,,,,,,,,,,,,,,,,,,,,,0.0,,0,,,,,,,,,,,,,,,,,,,,,,,,,,,,,0.0,0.0,,,,,,,,,,,,,,,,,,,,,,,,,,,,,,,,,,,,,,,,,,,,,,,,,,,,,,,,,,,,,,,,,,,,,,,,,,,,,,,,,,,,,,,,,,,,,,,,,,,,,,,,,
60,Tommi O'Reilly,MF,18,2.0,,,,,,,,,,,,,,,,,,,,,,,,,,0.0,,0,,,,,,,,,,,,,,,,,,,,,,,,,,,,,0.0,0.0,,,,,,,,,,,,,,,,,,,,,,,,,,,,,,,,,,,,,,,,,,,,,,,,,,,,,,,,,,,,,,,,,,,,,,,,,,,,,,,,,,,,,,,,,,,,,,,,,,,,,,,,,
61,Travis Patterson,MF,16,3.0,,,,,,,,,,,,,,,,,,,,,,,,,,0.0,,0,,,,,,,,,,,,,,,,,,,,,,,,,,,,,0.0,0.0,,,,,,,,,,,,,,,,,,,,,,,,,,,,,,,,,,,,,,,,,,,,,,,,,,,,,,,,,,,,,,,,,,,,,,,,,,,,,,,,,,,,,,,,,,,,,,,,,,,,,,,,,
62,Seb Revan,DF,19,7.0,,,,,,,,,,,,,,,,,,,,,,,,,,0.0,,0,,,,,,,,,,,,,,,,,,,,,,,,,,,,,0.0,0.0,,,,,,,,,,,,,,,,,,,,,,,,,,,,,,,,,,,,,,,,,,,,,,,,,,,,,,,,,,,,,,,,,,,,,,,,,,,,,,,,,,,,,,,,,,,,,,,,,,,,,,,,,
63,Viljami Sinisalo,GK,20,15.0,,,,,,,,,,,,,,,,,,,,,,,,,,0.0,,0,,,,,,,,,,,,,,,,,,,,,,,,,,,,,0.0,0.0,,,,,,,,,,,,,,,,,,,,,,,,,,,,,,,,,,,,,,,,,,,,,,,,,,,,,,,,,,,,,,,,,,,,,,,,,,,,,,,,,,,,,,,,,,,,,,,,,,,,,,,,,
64,Sil Swinkels,DF,18,1.0,,,,,,,,,,,,,,,,,,,,,,,,,,0.0,,0,,,,,,,,,,,,,,,,,,,,,,,,,,,,,0.0,0.0,,,,,,,,,,,,,,,,,,,,,,,,,,,,,,,,,,,,,,,,,,,,,,,,,,,,,,,,,,,,,,,,,,,,,,,,,,,,,,,,,,,,,,,,,,,,,,,,,,,,,,,,,
65,James Wright,GK,17,1.0,,,,,,,,,,,,,,,,,,,,,,,,,,0.0,,0,,,,,,,,,,,,,,,,,,,,,,,,,,,,,0.0,0.0,,,,,,,,,,,,,,,,,,,,,,,,,,,,,,,,,,,,,,,,,,,,,,,,,,,,,,,,,,,,,,,,,,,,,,,,,,,,,,,,,,,,,,,,,,,,,,,,,,,,,,,,,
66,Kadan Young,MF,16,5.0,,,,,,,,,,,,,,,,,,,,,,,,,,0.0,,0,,,,,,,,,,,,,,,,,,,,,,,,,,,,,0.0,0.0,,,,,,,,,,,,,,,,,,,,,,,,,,,,,,,,,,,,,,,,,,,,,,,,,,,,,,,,,,,,,,,,,,,,,,,,,,,,,,,,,,,,,,,,,,,,,,,,,,,,,,,,,
67,Oliwier Zych,GK,18,2.0,,,,,,,,,,,,,,,,,,,,,,,,,,0.0,,0,,,,,,,,,,,,,,,,,,,,,,,,,,,,,0.0,0.0,,,,,,,,,,,,,,,,,,,,,,,,,,,,,,,,,,,,,,,,,,,,,,,,,,,,,,,,,,,,,,,,,,,,,,,,,,,,,,,,,,,,,,,,,,,,,,,,,,,,,,,,,
68,Ezri Konsa,DF,24,36.9,,,,,,,,,,,70.0,,22.0,,,,15.0,,,,,,,,,,,,,,,,,,,,,,,,,,,,,,,,,,,,,,,,,,,,,,,,,,,,,,,,,,2192.0,349.0,1280.0,850.0,2192.0,5.0,33.3,3.0,20.0,1375.0,6226.0,3596.0,7.0,9.0,0.0,15.0,5.0,1533.0,11.0,,,,,,,,,,,,,,,,,,,,,,,,,,,,,,,,,,,,,,,,,,,,,,,,,,,,,,,,,,,,,,,,,,,,,,
69,Emiliano Martínez,GK,29,34.9,,,,,,,,,,,0.0,,0.0,,,,0.0,,,,,,,,,,,,,,,,,,,,,,,,,,,,,,,,,,,,,,,,,,,,,,,,,,,,,,,,,,1479.0,1218.0,1463.0,17.0,1479.0,0.0,0.0,851.0,4474.0,2627.0,0.0,0.0,0.0,2.0,0.0,707.0,0.0,,,,,,,,,,,,,,,,,,,,,,,,,,,,,,,,,,,,,,,,,,,,,,,,,,,,,,,,,,,,,,,,,,,,,,,,
70,Ollie Watkins,FW,26,34.7,,,,,,,,,,,488.0,,164.0,,,,65.0,,,,,,,,,,,,,,,,,,,,,,,,,,,,,,,,,,,,,,,,,,,,,,,,,,,,,,,,,,927.0,47.0,86.0,365.0,925.0,18.0,27.7,36.0,55.4,475.0,2519.0,1164.0,50.0,24.0,32.0,82.0,39.0,684.0,196.0,,,,,,,,,,,,,,,,,,,,,,,,,,,,,,,,,,,,,,,,,,,,,,,,,,,,,,,,,,,,,,,,,,,,,,
71,Tyrone Mings,DF,29,35.0,,,,,,,,,,,81.0,,21.0,,,,12.0,,,,,,,,,,,,,,,,,,,,,,,,,,,,,,,,,,,,,,,,,,,,,,,,,,,,,,,,,,2228.0,384.0,1276.0,877.0,2228.0,6.0,50.0,3.0,25.0,1379.0,7995.0,4556.0,20.0,21.0,3.0,8.0,7.0,1486.0,7.0,,,,,,,,,,,,,,,,,,,,,,,,,,,,,,,,,,,,,,,,,,,,,,,,,,,,,,,,,,,,,,,,,,,,,,
72,Douglas Luiz,MF,24,32.5,,,,,,,,,,,443.0,,19.0,,,,44.0,,,,,,,,,,,,,,,,,,,,,,,,,,,,,,,,,,,,,,,,,,,,,,,,,,,,,,,,,,2118.0,75.0,534.0,1161.0,2117.0,24.0,54.5,14.0,31.8,1142.0,6297.0,2922.0,48.0,39.0,4.0,36.0,33.0,1326.0,35.0,,,,,,,,,,,,,,,,,,,,,,,,,,,,,,,,,,,,,,,,,,,,,,,,,,,,,,,,,,,,,,,,,,,,,,
73,Jacob Ramsey,"MF,FW",21,29.3,,,,,,,,,,,422.0,,85.0,,,,77.0,,,,,,,,,,,,,,,,,,,,,,,,,,,,,,,,,,,,,,,,,,,,,,,,,,,,,,,,,,1245.0,57.0,238.0,609.0,1245.0,31.0,40.3,31.0,40.3,752.0,5322.0,2656.0,94.0,62.0,21.0,62.0,37.0,819.0,119.0,,,,,,,,,,,,,,,,,,,,,,,,,,,,,,,,,,,,,,,,,,,,,,,,,,,,,,,,,,,,,,,,,,,,,,
74,John McGinn,"MF,FW",27,29.9,,,,,,,,,,,388.0,,45.0,,,,70.0,,,,,,,,,,,,,,,,,,,,,,,,,,,,,,,,,,,,,,,,,,,,,,,,,,,,,,,,,,1348.0,37.0,218.0,756.0,1348.0,45.0,64.3,14.0,20.0,804.0,4072.0,1799.0,34.0,35.0,8.0,58.0,35.0,888.0,66.0,,,,,,,,,,,,,,,,,,,,,,,,,,,,,,,,,,,,,,,,,,,,,,,,,,,,,,,,,,,,,,,,,,,,,,
75,Emi Buendía,"MF,FW",25,26.8,,,,,,,,,,,516.0,,93.0,,,,59.0,,,,,,,,,,,,,,,,,,,,,,,,,,,,,,,,,,,,,,,,,,,,,,,,,,,,,,,,,,1336.0,38.0,202.0,634.0,1336.0,27.0,45.8,26.0,44.1,829.0,3957.0,1970.0,60.0,46.0,19.0,63.0,58.0,955.0,137.0,,,,,,,,,,,,,,,,,,,,,,,,,,,,,,,,,,,,,,,,,,,,,,,,,,,,,,,,,,,,,,,,,,,,,,
76,Leon Bailey,"FW,MF",24,21.9,,,,,,,,,,,456.0,,89.0,,,,111.0,,,,,,,,,,,,,,,,,,,,,,,,,,,,,,,,,,,,,,,,,,,,,,,,,,,,,,,,,,813.0,16.0,91.0,283.0,813.0,40.0,36.0,55.0,49.5,520.0,4022.0,1703.0,85.0,33.0,38.0,48.0,53.0,561.0,182.0,,,,,,,,,,,,,,,,,,,,,,,,,,,,,,,,,,,,,,,,,,,,,,,,,,,,,,,,,,,,,,,,,,,,,,
77,Ashley Young,DF,37,22.6,,,,,,,,,,,252.0,,10.0,,,,22.0,,,,,,,,,,,,,,,,,,,,,,,,,,,,,,,,,,,,,,,,,,,,,,,,,,,,,,,,,,1411.0,86.0,502.0,675.0,1411.0,8.0,36.4,10.0,45.5,701.0,3235.0,1554.0,29.0,20.0,4.0,18.0,5.0,767.0,33.0,,,,,,,,,,,,,,,,,,,,,,,,,,,,,,,,,,,,,,,,,,,,,,,,,,,,,,,,,,,,,,,,,,,,,,
78,Boubacar Kamara,MF,22,19.7,,,,,,,,,,,132.0,,10.0,,,,35.0,,,,,,,,,,,,,,,,,,,,,,,,,,,,,,,,,,,,,,,,,,,,,,,,,,,,,,,,,,1145.0,65.0,362.0,662.0,1145.0,16.0,45.7,12.0,34.3,622.0,2571.0,1173.0,16.0,11.0,1.0,20.0,14.0,713.0,8.0,,,,,,,,,,,,,,,,,,,,,,,,,,,,,,,,,,,,,,,,,,,,,,,,,,,,,,,,,,,,,,,,,,,,,,
79,Matty Cash,DF,24,20.2,,,,,,,,,,,258.0,,11.0,,,,33.0,,,,,,,,,,,,,,,,,,,,,,,,,,,,,,,,,,,,,,,,,,,,,,,,,,,,,,,,,,1215.0,76.0,423.0,545.0,1215.0,16.0,48.5,9.0,27.3,610.0,3143.0,1677.0,42.0,33.0,4.0,24.0,7.0,652.0,57.0,,,,,,,,,,,,,,,,,,,,,,,,,,,,,,,,,,,,,,,,,,,,,,,,,,,,,,,,,,,,,,,,,,,,,,
80,Lucas Digne,DF,29,16.7,,,,,,,,,,,342.0,,24.0,,,,18.0,,,,,,,,,,,,,,,,,,,,,,,,,,,,,,,,,,,,,,,,,,,,,,,,,,,,,,,,,,1096.0,64.0,365.0,396.0,1096.0,3.0,16.7,11.0,61.1,552.0,2363.0,1262.0,29.0,14.0,2.0,16.0,12.0,625.0,89.0,,,,,,,,,,,,,,,,,,,,,,,,,,,,,,,,,,,,,,,,,,,,,,,,,,,,,,,,,,,,,,,,,,,,,,
81,Álex Moreno,DF,29,14.8,,,,,,,,,,,293.0,,43.0,,,,57.0,,,,,,,,,,,,,,,,,,,,,,,,,,,,,,,,,,,,,,,,,,,,,,,,,,,,,,,,,,949.0,60.0,327.0,337.0,949.0,23.0,40.4,27.0,47.4,510.0,3260.0,1642.0,65.0,29.0,16.0,38.0,15.0,570.0,122.0,,,,,,,,,,,,,,,,,,,,,,,,,,,,,,,,,,,,,,,,,,,,,,,,,,,,,,,,,,,,,,,,,,,,,,
82,Danny Ings,FW,30,9.2,,,,,,,,,,,139.0,,49.0,,,,16.0,,,,,,,,,,,,,,,,,,,,,,,,,,,,,,,,,,,,,,,,,,,,,,,,,,,,,,,,,,267.0,12.0,26.0,106.0,265.0,10.0,62.5,6.0,37.5,163.0,718.0,260.0,15.0,6.0,9.0,20.0,17.0,186.0,46.0,,,,,,,,,,,,,,,,,,,,,,,,,,,,,,,,,,,,,,,,,,,,,,,,,,,,,,,,,,,,,,,,,,,,,,
83,Philippe Coutinho,"MF,FW",30,8.8,,,,,,,,,,,213.0,,24.0,,,,34.0,,,,,,,,,,,,,,,,,,,,,,,,,,,,,,,,,,,,,,,,,,,,,,,,,,,,,,,,,,500.0,2.0,34.0,259.0,500.0,14.0,41.2,15.0,44.1,309.0,1747.0,739.0,18.0,28.0,5.0,23.0,17.0,369.0,68.0,,,,,,,,,,,,,,,,,,,,,,,,,,,,,,,,,,,,,,,,,,,,,,,,,,,,,,,,,,,,,,,,,,,,,,
84,Leander Dendoncker,MF,27,7.7,,,,,,,,,,,46.0,,7.0,,,,5.0,,,,,,,,,,,,,,,,,,,,,,,,,,,,,,,,,,,,,,,,,,,,,,,,,,,,,,,,,,365.0,21.0,102.0,219.0,365.0,3.0,60.0,2.0,40.0,171.0,852.0,271.0,1.0,6.0,1.0,8.0,3.0,207.0,2.0,,,,,,,,,,,,,,,,,,,,,,,,,,,,,,,,,,,,,,,,,,,,,,,,,,,,,,,,,,,,,,,,,,,,,,
85,Calum Chambers,"DF,MF",27,3.9,,,,,,,,,,,32.0,,2.0,,,,0.0,,,,,,,,,,,,,,,,,,,,,,,,,,,,,,,,,,,,,,,,,,,,,,,,,,,,,,,,,,245.0,30.0,119.0,96.0,245.0,0.0,0.0,139.0,794.0,540.0,6.0,4.0,0.0,2.0,1.0,149.0,2.0,,,,,,,,,,,,,,,,,,,,,,,,,,,,,,,,,,,,,,,,,,,,,,,,,,,,,,,,,,,,,,,,,,,,,,,,
86,Robin Olsen,GK,32,3.1,,,,,,,,,,,0.0,,0.0,,,,0.0,,,,,,,,,,,,,,,,,,,,,,,,,,,,,,,,,,,,,,,,,,,,,,,,,,,,,,,,,,141.0,119.0,139.0,2.0,141.0,0.0,0.0,80.0,405.0,198.0,0.0,0.0,0.0,1.0,0.0,57.0,0.0,,,,,,,,,,,,,,,,,,,,,,,,,,,,,,,,,,,,,,,,,,,,,,,,,,,,,,,,,,,,,,,,,,,,,,,,
87,Diego Carlos,DF,29,2.3,,,,,,,,,,,11.0,,4.0,,,,0.0,,,,,,,,,,,,,,,,,,,,,,,,,,,,,,,,,,,,,,,,,,,,,,,,,,,,,,,,,,156.0,11.0,54.0,94.0,156.0,0.0,0.0,100.0,348.0,193.0,1.0,3.0,0.0,2.0,0.0,111.0,0.0,,,,,,,,,,,,,,,,,,,,,,,,,,,,,,,,,,,,,,,,,,,,,,,,,,,,,,,,,,,,,,,,,,,,,,,,
88,Bertrand Traoré,"FW,MF",26,2.6,,,,,,,,,,,66.0,,13.0,,,,4.0,,,,,,,,,,,,,,,,,,,,,,,,,,,,,,,,,,,,,,,,,,,,,,,,,,,,,,,,,,114.0,0.0,8.0,41.0,114.0,1.0,25.0,3.0,75.0,81.0,462.0,246.0,9.0,3.0,5.0,8.0,7.0,89.0,28.0,,,,,,,,,,,,,,,,,,,,,,,,,,,,,,,,,,,,,,,,,,,,,,,,,,,,,,,,,,,,,,,,,,,,,,
89,Jan Bednarek,DF,26,1.1,,,,,,,,,,,1.0,,0.0,,,,0.0,,,,,,,,,,,,,,,,,,,,,,,,,,,,,,,,,,,,,,,,,,,,,,,,,,,,,,,,,,79.0,9.0,39.0,40.0,79.0,0.0,0.0,47.0,291.0,177.0,1.0,0.0,0.0,0.0,0.0,53.0,0.0,,,,,,,,,,,,,,,,,,,,,,,,,,,,,,,,,,,,,,,,,,,,,,,,,,,,,,,,,,,,,,,,,,,,,,,,
90,Ludwig Augustinsson,DF,28,0.9,,,,,,,,,,,17.0,,2.0,,,,1.0,,,,,,,,,,,,,,,,,,,,,,,,,,,,,,,,,,,,,,,,,,,,,,,,,,,,,,,,,,51.0,3.0,19.0,15.0,51.0,0.0,0.0,1.0,100.0,29.0,180.0,27.0,0.0,2.0,0.0,0.0,0.0,21.0,3.0,,,,,,,,,,,,,,,,,,,,,,,,,,,,,,,,,,,,,,,,,,,,,,,,,,,,,,,,,,,,,,,,,,,,,,
91,Jhon Durán,"FW,MF",18,1.5,,,,,,,,,,,29.0,,6.0,,,,2.0,,,,,,,,,,,,,,,,,,,,,,,,,,,,,,,,,,,,,,,,,,,,,,,,,,,,,,,,,,57.0,3.0,3.0,26.0,57.0,1.0,50.0,1.0,50.0,33.0,205.0,123.0,4.0,5.0,1.0,8.0,3.0,41.0,13.0,,,,,,,,,,,,,,,,,,,,,,,,,,,,,,,,,,,,,,,,,,,,,,,,,,,,,,,,,,,,,,,,,,,,,,
92,Cameron Archer,"FW,MF",21,0.5,,,,,,,,,,,7.0,,3.0,,,,1.0,,,,,,,,,,,,,,,,,,,,,,,,,,,,,,,,,,,,,,,,,,,,,,,,,,,,,,,,,,15.0,0.0,1.0,8.0,15.0,1.0,100.0,0.0,0.0,15.0,114.0,72.0,3.0,1.0,1.0,2.0,3.0,13.0,3.0,,,,,,,,,,,,,,,,,,,,,,,,,,,,,,,,,,,,,,,,,,,,,,,,,,,,,,,,,,,,,,,,,,,,,,
93,Morgan Sanson,MF,27,0.1,,,,,,,,,,,4.0,,0.0,,,,0.0,,,,,,,,,,,,,,,,,,,,,,,,,,,,,,,,,,,,,,,,,,,,,,,,,,,,,,,,,,9.0,1.0,1.0,4.0,9.0,0.0,0.0,5.0,11.0,9.0,0.0,0.0,0.0,1.0,0.0,5.0,0.0,,,,,,,,,,,,,,,,,,,,,,,,,,,,,,,,,,,,,,,,,,,,,,,,,,,,,,,,,,,,,,,,,,,,,,,,
94,Ezri Konsa,DF,24,36.9,,,,,,,,,,,2.0,,26.0,,,,,,,,,,,,,,,,,,,,,,,,,,,,,,,,,,,,26.0,20.0,,,,,8.0,,,,,,,,,,,,,,,,,,,,,25.0,,15.0,,,,,,,,,,,,,,,,42.0,18.0,69.2,41.0,23.0,18.0,68.0,120.0,3.0,,,,,,,,,,,,,,,,,,,,,,,,,,,,,,,,,,,,,,,,,,,,,,,,,,,,,,,,,,,,,
95,Emiliano Martínez,GK,29,34.9,,,,,,,,,,,0.0,,2.0,,,,,,,,,,,,,,,,,,,,,,,,,,,,,,,,,,,,1.0,0.0,,,,,2.0,,,,,,,,,,,,,,,,,,,,,0.0,,0.0,,,,,,,,,,,,,,,,0.0,0.0,0.0,0.0,0.0,0.0,1.0,23.0,1.0,,,,,,,,,,,,,,,,,,,,,,,,,,,,,,,,,,,,,,,,,,,,,,,,,,,,,,,,,,,,,
96,Ollie Watkins,FW,26,34.7,,,,,,,,,,,3.0,,27.0,,,,,,,,,,,,,,,,,,,,,,,,,,,,,,,,,,,,10.0,13.0,,,,,17.0,,,,,,,,,,,,,,,,,,,,,3.0,,13.0,,,,,,,,,,,,,,,,19.0,10.0,37.0,21.0,4.0,17.0,29.0,39.0,0.0,,,,,,,,,,,,,,,,,,,,,,,,,,,,,,,,,,,,,,,,,,,,,,,,,,,,,,,,,,,,,
97,Tyrone Mings,DF,29,35.0,,,,,,,,,,,0.0,,20.0,,,,,,,,,,,,,,,,,,,,,,,,,,,,,,,,,,,,54.0,7.0,,,,,11.0,,,,,,,,,,,,,,,,,,,,,10.0,,5.0,,,,,,,,,,,,,,,,15.0,9.0,45.0,40.0,21.0,19.0,69.0,163.0,2.0,,,,,,,,,,,,,,,,,,,,,,,,,,,,,,,,,,,,,,,,,,,,,,,,,,,,,,,,,,,,,
98,Douglas Luiz,MF,24,32.5,,,,,,,,,,,10.0,,63.0,,,,,,,,,,,,,,,,,,,,,,,,,,,,,,,,,,,,40.0,42.0,,,,,33.0,,,,,,,,,,,,,,,,,,,,,31.0,,32.0,,,,,,,,,,,,,,,,73.0,30.0,47.6,36.0,7.0,29.0,113.0,27.0,2.0,,,,,,,,,,,,,,,,,,,,,,,,,,,,,,,,,,,,,,,,,,,,,,,,,,,,,,,,,,,,,
99,Jacob Ramsey,"MF,FW",21,29.3,,,,,,,,,,,11.0,,69.0,,,,,,,,,,,,,,,,,,,,,,,,,,,,,,,,,,,,23.0,39.0,,,,,37.0,,,,,,,,,,,,,,,,,,,,,23.0,,35.0,,,,,,,,,,,,,,,,69.0,32.0,46.4,48.0,8.0,40.0,92.0,34.0,0.0,,,,,,,,,,,,,,,,,,,,,,,,,,,,,,,,,,,,,,,,,,,,,,,,,,,,,,,,,,,,,
100,John McGinn,"MF,FW",27,29.9,,,,,,,,,,,10.0,,71.0,,,,,,,,,,,,,,,,,,,,,,,,,,,,,,,,,,,,24.0,36.0,,,,,37.0,,,,,,,,,,,,,,,,,,,,,27.0,,29.0,,,,,,,,,,,,,,,,66.0,34.0,47.9,43.0,4.0,39.0,90.0,19.0,0.0,,,,,,,,,,,,,,,,,,,,,,,,,,,,,,,,,,,,,,,,,,,,,,,,,,,,,,,,,,,,,
101,Emi Buendía,"MF,FW",25,26.8,,,,,,,,,,,12.0,,74.0,,,,,,,,,,,,,,,,,,,,,,,,,,,,,,,,,,,,20.0,23.0,,,,,53.0,,,,,,,,,,,,,,,,,,,,,20.0,,20.0,,,,,,,,,,,,,,,,52.0,21.0,28.4,20.0,2.0,18.0,72.0,17.0,0.0,,,,,,,,,,,,,,,,,,,,,,,,,,,,,,,,,,,,,,,,,,,,,,,,,,,,,,,,,,,,,
102,Leon Bailey,"FW,MF",24,21.9,,,,,,,,,,,1.0,,20.0,,,,,,,,,,,,,,,,,,,,,,,,,,,,,,,,,,,,6.0,6.0,,,,,15.0,,,,,,,,,,,,,,,,,,,,,6.0,,7.0,,,,,,,,,,,,,,,,14.0,5.0,25.0,13.0,0.0,13.0,20.0,12.0,0.0,,,,,,,,,,,,,,,,,,,,,,,,,,,,,,,,,,,,,,,,,,,,,,,,,,,,,,,,,,,,,
103,Ashley Young,DF,37,22.6,,,,,,,,,,,1.0,,49.0,,,,,,,,,,,,,,,,,,,,,,,,,,,,,,,,,,,,21.0,27.0,,,,,12.0,,,,,,,,,,,,,,,,,,,,,34.0,,15.0,,,,,,,,,,,,,,,,50.0,37.0,75.5,25.0,11.0,14.0,71.0,65.0,0.0,,,,,,,,,,,,,,,,,,,,,,,,,,,,,,,,,,,,,,,,,,,,,,,,,,,,,,,,,,,,,
104,Boubacar Kamara,MF,22,19.7,,,,,,,,,,,10.0,,56.0,,,,,,,,,,,,,,,,,,,,,,,,,,,,,,,,,,,,19.0,25.0,,,,,29.0,,,,,,,,,,,,,,,,,,,,,25.0,,23.0,,,,,,,,,,,,,,,,58.0,27.0,48.2,38.0,12.0,26.0,77.0,24.0,3.0,,,,,,,,,,,,,,,,,,,,,,,,,,,,,,,,,,,,,,,,,,,,,,,,,,,,,,,,,,,,,
105,Matty Cash,DF,24,20.2,,,,,,,,,,,4.0,,37.0,,,,,,,,,,,,,,,,,,,,,,,,,,,,,,,,,,,,26.0,32.0,,,,,11.0,,,,,,,,,,,,,,,,,,,,,36.0,,15.0,,,,,,,,,,,,,,,,55.0,26.0,70.3,20.0,5.0,15.0,81.0,43.0,0.0,,,,,,,,,,,,,,,,,,,,,,,,,,,,,,,,,,,,,,,,,,,,,,,,,,,,,,,,,,,,,
106,Lucas Digne,DF,29,16.7,,,,,,,,,,,1.0,,33.0,,,,,,,,,,,,,,,,,,,,,,,,,,,,,,,,,,,,18.0,12.0,,,,,13.0,,,,,,,,,,,,,,,,,,,,,20.0,,9.0,,,,,,,,,,,,,,,,30.0,20.0,60.6,18.0,5.0,13.0,48.0,45.0,0.0,,,,,,,,,,,,,,,,,,,,,,,,,,,,,,,,,,,,,,,,,,,,,,,,,,,,,,,,,,,,,
107,Álex Moreno,DF,29,14.8,,,,,,,,,,,3.0,,36.0,,,,,,,,,,,,,,,,,,,,,,,,,,,,,,,,,,,,7.0,14.0,,,,,23.0,,,,,,,,,,,,,,,,,,,,,15.0,,5.0,,,,,,,,,,,,,,,,23.0,13.0,36.1,18.0,3.0,15.0,30.0,37.0,2.0,,,,,,,,,,,,,,,,,,,,,,,,,,,,,,,,,,,,,,,,,,,,,,,,,,,,,,,,,,,,,
108,Danny Ings,FW,30,9.2,,,,,,,,,,,3.0,,6.0,,,,,,,,,,,,,,,,,,,,,,,,,,,,,,,,,,,,1.0,5.0,,,,,5.0,,,,,,,,,,,,,,,,,,,,,1.0,,6.0,,,,,,,,,,,,,,,,10.0,1.0,16.7,12.0,1.0,11.0,11.0,11.0,0.0,,,,,,,,,,,,,,,,,,,,,,,,,,,,,,,,,,,,,,,,,,,,,,,,,,,,,,,,,,,,,
109,Philippe Coutinho,"MF,FW",30,8.8,,,,,,,,,,,3.0,,15.0,,,,,,,,,,,,,,,,,,,,,,,,,,,,,,,,,,,,4.0,14.0,,,,,6.0,,,,,,,,,,,,,,,,,,,,,8.0,,8.0,,,,,,,,,,,,,,,,19.0,9.0,60.0,11.0,1.0,10.0,23.0,2.0,0.0,,,,,,,,,,,,,,,,,,,,,,,,,,,,,,,,,,,,,,,,,,,,,,,,,,,,,,,,,,,,,
110,Leander Dendoncker,MF,27,7.7,,,,,,,,,,,2.0,,21.0,,,,,,,,,,,,,,,,,,,,,,,,,,,,,,,,,,,,10.0,9.0,,,,,10.0,,,,,,,,,,,,,,,,,,,,,11.0,,6.0,,,,,,,,,,,,,,,,19.0,11.0,52.4,19.0,4.0,15.0,29.0,12.0,0.0,,,,,,,,,,,,,,,,,,,,,,,,,,,,,,,,,,,,,,,,,,,,,,,,,,,,,,,,,,,,,
111,Calum Chambers,"DF,MF",27,3.9,,,,,,,,,,,0.0,,8.0,,,,,,,,,,,,,,,,,,,,,,,,,,,,,,,,,,,,7.0,6.0,,,,,2.0,,,,,,,,,,,,,,,,,,,,,7.0,,2.0,,,,,,,,,,,,,,,,9.0,6.0,75.0,5.0,4.0,1.0,16.0,10.0,1.0,,,,,,,,,,,,,,,,,,,,,,,,,,,,,,,,,,,,,,,,,,,,,,,,,,,,,,,,,,,,,
112,Robin Olsen,GK,32,3.1,,,,,,,,,,,0.0,,2.0,,,,,,,,,,,,,,,,,,,,,,,,,,,,,,,,,,,,0.0,0.0,,,,,2.0,,,,,,,,,,,,,,,,,,,,,0.0,,0.0,,,,,,,,,,,,,,,,0.0,0.0,0.0,0.0,0.0,0.0,0.0,1.0,0.0,,,,,,,,,,,,,,,,,,,,,,,,,,,,,,,,,,,,,,,,,,,,,,,,,,,,,,,,,,,,,
113,Diego Carlos,DF,29,2.3,,,,,,,,,,,0.0,,1.0,,,,,,,,,,,,,,,,,,,,,,,,,,,,,,,,,,,,1.0,0.0,,,,,1.0,,,,,,,,,,,,,,,,,,,,,0.0,,1.0,,,,,,,,,,,,,,,,1.0,0.0,0.0,2.0,2.0,0.0,2.0,2.0,0.0,,,,,,,,,,,,,,,,,,,,,,,,,,,,,,,,,,,,,,,,,,,,,,,,,,,,,,,,,,,,,
114,Bertrand Traoré,"FW,MF",26,2.6,,,,,,,,,,,0.0,,4.0,,,,,,,,,,,,,,,,,,,,,,,,,,,,,,,,,,,,2.0,1.0,,,,,3.0,,,,,,,,,,,,,,,,,,,,,1.0,,0.0,,,,,,,,,,,,,,,,1.0,1.0,25.0,5.0,0.0,5.0,3.0,0.0,0.0,,,,,,,,,,,,,,,,,,,,,,,,,,,,,,,,,,,,,,,,,,,,,,,,,,,,,,,,,,,,,
115,Jan Bednarek,DF,26,1.1,,,,,,,,,,,0.0,,1.0,,,,,,,,,,,,,,,,,,,,,,,,,,,,,,,,,,,,2.0,3.0,,,,,0.0,,,,,,,,,,,,,,,,,,,,,0.0,,3.0,,,,,,,,,,,,,,,,3.0,1.0,100.0,3.0,1.0,2.0,5.0,5.0,0.0,,,,,,,,,,,,,,,,,,,,,,,,,,,,,,,,,,,,,,,,,,,,,,,,,,,,,,,,,,,,,
116,Ludwig Augustinsson,DF,28,0.9,,,,,,,,,,,0.0,,0.0,,,,,,,,,,,,,,,,,,,,,,,,,,,,,,,,,,,,1.0,1.0,,,,,0.0,,,,,,,,,,,,,,,,,,,,,1.0,,0.0,,,,,,,,,,,,,,,,1.0,0.0,0.0,0.0,0.0,0.0,1.0,0.0,,,,,,,,,,,,,,,,,,,,,,,,,,,,,,,,,,,,,,,,,,,,,,,,,,,,,,,,,,,,,,
117,Jhon Durán,"FW,MF",18,1.5,,,,,,,,,,,1.0,,4.0,,,,,,,,,,,,,,,,,,,,,,,,,,,,,,,,,,,,2.0,2.0,,,,,3.0,,,,,,,,,,,,,,,,,,,,,0.0,,1.0,,,,,,,,,,,,,,,,2.0,1.0,25.0,0.0,0.0,0.0,4.0,2.0,0.0,,,,,,,,,,,,,,,,,,,,,,,,,,,,,,,,,,,,,,,,,,,,,,,,,,,,,,,,,,,,,
118,Cameron Archer,"FW,MF",21,0.5,,,,,,,,,,,0.0,,0.0,,,,,,,,,,,,,,,,,,,,,,,,,,,,,,,,,,,,0.0,0.0,,,,,0.0,,,,,,,,,,,,,,,,,,,,,0.0,,0.0,,,,,,,,,,,,,,,,0.0,0.0,0.0,0.0,0.0,0.0,0.0,0.0,,,,,,,,,,,,,,,,,,,,,,,,,,,,,,,,,,,,,,,,,,,,,,,,,,,,,,,,,,,,,,
119,Morgan Sanson,MF,27,0.1,,,,,,,,,,,0.0,,1.0,,,,,,,,,,,,,,,,,,,,,,,,,,,,,,,,,,,,0.0,1.0,,,,,0.0,,,,,,,,,,,,,,,,,,,,,1.0,,1.0,,,,,,,,,,,,,,,,2.0,1.0,100.0,0.0,0.0,0.0,2.0,0.0,0.0,,,,,,,,,,,,,,,,,,,,,,,,,,,,,,,,,,,,,,,,,,,,,,,,,,,,,,,,,,,,,
120,Ezri Konsa,DF,24.0,36.9,,,,,,,,,,,,,,,,,,,,,,,,,,,,,,,,,,,,,,,,,,,,,,1.0,,,,,,,,,,,,,,,,,,,,,,,,,,,,,,0.0,0.0,,,,,,,,,,,,,,,,,,,,,1.0,,,,,15.0,0.41,13.0,0.0,0.0,2.0,0.05,2.0,0.0,0.0,0.0,0.0,,,,,,,,,,,,,,,,,,,,,,,,,,,,,,,,,,,,,,,,,,,,,,,,,
121,Emiliano Martínez,GK,29.0,34.9,,,,,,,,,,,,,,,,,,,,,,,,,,,,,,,,,,,,,,,,,,,,,,0.0,,,,,,,,,,,,,,,,,,,,,,,,,,,,,,0.0,0.0,,,,,,,,,,,,,,,,,,,,,0.0,,,,,5.0,0.14,3.0,2.0,0.0,0.0,0.0,0.0,0.0,0.0,0.0,0.0,,,,,,,,,,,,,,,,,,,,,,,,,,,,,,,,,,,,,,,,,,,,,,,,,
122,Ollie Watkins,FW,26.0,34.7,,,,,,,,,,,,,,,,,,,,,,,,,,,,,,,,,,,,,,,,,,,,,,11.0,,,,,,,,,,,,,,,,,,,,,,,,,,,,,,0.0,0.0,,,,,,,,,,,,,,,,,,,,,11.0,,,,,79.0,2.27,51.0,0.0,6.0,14.0,0.4,6.0,0.0,2.0,5.0,1.0,,,,,,,,,,,,,,,,,,,,,,,,,,,,,,,,,,,,,,,,,,,,,,,,,
123,Tyrone Mings,DF,29.0,35.0,,,,,,,,,,,,,,,,,,,,,,,,,,,,,,,,,,,,,,,,,,,,,,4.0,,,,,,,,,,,,,,,,,,,,,,,,,,,,,,0.0,0.0,,,,,,,,,,,,,,,,,,,,,2.0,,,,,23.0,0.66,17.0,0.0,0.0,4.0,0.11,2.0,0.0,0.0,1.0,1.0,,,,,,,,,,,,,,,,,,,,,,,,,,,,,,,,,,,,,,,,,,,,,,,,,
124,Douglas Luiz,MF,24.0,32.5,,,,,,,,,,,,,,,,,,,,,,,,,,,,,,,,,,,,,,,,,,,,,,1.0,,,,,,,,,,,,,,,,,,,,,,,,,,,,,,3.0,2.0,,,,,,,,,,,,,,,,,,,,,1.0,,,,,96.0,2.95,61.0,26.0,4.0,12.0,0.37,9.0,1.0,0.0,0.0,0.0,,,,,,,,,,,,,,,,,,,,,,,,,,,,,,,,,,,,,,,,,,,,,,,,,
125,Jacob Ramsey,"MF,FW",21.0,29.3,,,,,,,,,,,,,,,,,,,,,,,,,,,,,,,,,,,,,,,,,,,,,,5.0,,,,,,,,,,,,,,,,,,,,,,,,,,,,,,1.0,0.0,,,,,,,,,,,,,,,,,,,,,2.0,,,,,81.0,2.76,69.0,0.0,4.0,11.0,0.38,8.0,0.0,1.0,1.0,1.0,,,,,,,,,,,,,,,,,,,,,,,,,,,,,,,,,,,,,,,,,,,,,,,,,
126,John McGinn,"MF,FW",27.0,29.9,,,,,,,,,,,,,,,,,,,,,,,,,,,,,,,,,,,,,,,,,,,,,,5.0,,,,,,,,,,,,,,,,,,,,,,,,,,,,,,1.0,0.0,,,,,,,,,,,,,,,,,,,,,3.0,,,,,80.0,2.67,56.0,10.0,5.0,10.0,0.33,7.0,1.0,0.0,0.0,2.0,,,,,,,,,,,,,,,,,,,,,,,,,,,,,,,,,,,,,,,,,,,,,,,,,
127,Emi Buendía,"MF,FW",25.0,26.8,,,,,,,,,,,,,,,,,,,,,,,,,,,,,,,,,,,,,,,,,,,,,,4.0,,,,,,,,,,,,,,,,,,,,,,,,,,,,,,1.0,0.0,,,,,,,,,,,,,,,,,,,,,3.0,,,,,90.0,3.36,72.0,2.0,8.0,10.0,0.37,7.0,0.0,1.0,2.0,0.0,,,,,,,,,,,,,,,,,,,,,,,,,,,,,,,,,,,,,,,,,,,,,,,,,
128,Leon Bailey,"FW,MF",24.0,21.9,,,,,,,,,,,,,,,,,,,,,,,,,,,,,,,,,,,,,,,,,,,,,,3.0,,,,,,,,,,,,,,,,,,,,,,,,,,,,,,0.0,0.0,,,,,,,,,,,,,,,,,,,,,7.0,,,,,62.0,2.84,40.0,2.0,10.0,8.0,0.37,5.0,0.0,0.0,3.0,0.0,,,,,,,,,,,,,,,,,,,,,,,,,,,,,,,,,,,,,,,,,,,,,,,,,
129,Ashley Young,DF,37.0,22.6,,,,,,,,,,,,,,,,,,,,,,,,,,,,,,,,,,,,,,,,,,,,,,0.0,,,,,,,,,,,,,,,,,,,,,,,,,,,,,,0.0,0.0,,,,,,,,,,,,,,,,,,,,,1.0,,,,,40.0,1.77,34.0,3.0,2.0,2.0,0.09,2.0,0.0,0.0,0.0,0.0,,,,,,,,,,,,,,,,,,,,,,,,,,,,,,,,,,,,,,,,,,,,,,,,,
130,Boubacar Kamara,MF,22.0,19.7,,,,,,,,,,,,,,,,,,,,,,,,,,,,,,,,,,,,,,,,,,,,,,3.0,,,,,,,,,,,,,,,,,,,,,,,,,,,,,,0.0,0.0,,,,,,,,,,,,,,,,,,,,,0.0,,,,,23.0,1.17,19.0,0.0,1.0,4.0,0.2,2.0,0.0,1.0,0.0,1.0,,,,,,,,,,,,,,,,,,,,,,,,,,,,,,,,,,,,,,,,,,,,,,,,,
131,Matty Cash,DF,24.0,20.2,,,,,,,,,,,,,,,,,,,,,,,,,,,,,,,,,,,,,,,,,,,,,,1.0,,,,,,,,,,,,,,,,,,,,,,,,,,,,,,1.0,1.0,,,,,,,,,,,,,,,,,,,,,0.0,,,,,28.0,1.38,25.0,0.0,1.0,3.0,0.15,2.0,0.0,0.0,0.0,0.0,,,,,,,,,,,,,,,,,,,,,,,,,,,,,,,,,,,,,,,,,,,,,,,,,
132,Lucas Digne,DF,29.0,16.7,,,,,,,,,,,,,,,,,,,,,,,,,,,,,,,,,,,,,,,,,,,,,,1.0,,,,,,,,,,,,,,,,,,,,,,,,,,,,,,0.0,0.0,,,,,,,,,,,,,,,,,,,,,0.0,,,,,29.0,1.74,24.0,4.0,0.0,0.0,0.0,0.0,0.0,0.0,0.0,0.0,,,,,,,,,,,,,,,,,,,,,,,,,,,,,,,,,,,,,,,,,,,,,,,,,
133,Álex Moreno,DF,29.0,14.8,,,,,,,,,,,,,,,,,,,,,,,,,,,,,,,,,,,,,,,,,,,,,,0.0,,,,,,,,,,,,,,,,,,,,,,,,,,,,,,0.0,0.0,,,,,,,,,,,,,,,,,,,,,1.0,,,,,34.0,2.3,31.0,0.0,2.0,3.0,0.2,3.0,0.0,0.0,0.0,0.0,,,,,,,,,,,,,,,,,,,,,,,,,,,,,,,,,,,,,,,,,,,,,,,,,
134,Danny Ings,FW,30.0,9.2,,,,,,,,,,,,,,,,,,,,,,,,,,,,,,,,,,,,,,,,,,,,,,0.0,,,,,,,,,,,,,,,,,,,,,,,,,,,,,,0.0,0.0,,,,,,,,,,,,,,,,,,,,,2.0,,,,,16.0,1.75,12.0,0.0,2.0,1.0,0.11,0.0,0.0,1.0,0.0,0.0,,,,,,,,,,,,,,,,,,,,,,,,,,,,,,,,,,,,,,,,,,,,,,,,,
135,Philippe Coutinho,"MF,FW",30.0,8.8,,,,,,,,,,,,,,,,,,,,,,,,,,,,,,,,,,,,,,,,,,,,,,0.0,,,,,,,,,,,,,,,,,,,,,,,,,,,,,,0.0,0.0,,,,,,,,,,,,,,,,,,,,,1.0,,,,,24.0,2.74,19.0,1.0,3.0,0.0,0.0,0.0,0.0,0.0,0.0,0.0,,,,,,,,,,,,,,,,,,,,,,,,,,,,,,,,,,,,,,,,,,,,,,,,,
136,Leander Dendoncker,MF,27.0,7.7,,,,,,,,,,,,,,,,,,,,,,,,,,,,,,,,,,,,,,,,,,,,,,0.0,,,,,,,,,,,,,,,,,,,,,,,,,,,,,,1.0,0.0,,,,,,,,,,,,,,,,,,,,,1.0,,,,,8.0,1.03,6.0,0.0,0.0,0.0,0.0,0.0,0.0,0.0,0.0,0.0,,,,,,,,,,,,,,,,,,,,,,,,,,,,,,,,,,,,,,,,,,,,,,,,,
137,Calum Chambers,"DF,MF",27.0,3.9,,,,,,,,,,,,,,,,,,,,,,,,,,,,,,,,,,,,,,,,,,,,,,0.0,,,,,,,,,,,,,,,,,,,,,,,,,,,,,,1.0,0.0,,,,,,,,,,,,,,,,,,,,,0.0,,,,,6.0,1.53,5.0,0.0,0.0,0.0,0.0,0.0,0.0,0.0,0.0,0.0,,,,,,,,,,,,,,,,,,,,,,,,,,,,,,,,,,,,,,,,,,,,,,,,,
138,Robin Olsen,GK,32.0,3.1,,,,,,,,,,,,,,,,,,,,,,,,,,,,,,,,,,,,,,,,,,,,,,0.0,,,,,,,,,,,,,,,,,,,,,,,,,,,,,,0.0,0.0,,,,,,,,,,,,,,,,,,,,,0.0,,,,,0.0,0.0,0.0,0.0,0.0,0.0,0.0,0.0,0.0,0.0,0.0,0.0,,,,,,,,,,,,,,,,,,,,,,,,,,,,,,,,,,,,,,,,,,,,,,,,,
139,Diego Carlos,DF,29.0,2.3,,,,,,,,,,,,,,,,,,,,,,,,,,,,,,,,,,,,,,,,,,,,,,0.0,,,,,,,,,,,,,,,,,,,,,,,,,,,,,,0.0,0.0,,,,,,,,,,,,,,,,,,,,,1.0,,,,,3.0,1.32,2.0,0.0,0.0,0.0,0.0,0.0,0.0,0.0,0.0,0.0,,,,,,,,,,,,,,,,,,,,,,,,,,,,,,,,,,,,,,,,,,,,,,,,,
140,Bertrand Traoré,"FW,MF",26.0,2.6,,,,,,,,,,,,,,,,,,,,,,,,,,,,,,,,,,,,,,,,,,,,,,1.0,,,,,,,,,,,,,,,,,,,,,,,,,,,,,,0.0,0.0,,,,,,,,,,,,,,,,,,,,,0.0,,,,,4.0,1.55,3.0,0.0,0.0,0.0,0.0,0.0,0.0,0.0,0.0,0.0,,,,,,,,,,,,,,,,,,,,,,,,,,,,,,,,,,,,,,,,,,,,,,,,,
141,Jan Bednarek,DF,26.0,1.1,,,,,,,,,,,,,,,,,,,,,,,,,,,,,,,,,,,,,,,,,,,,,,0.0,,,,,,,,,,,,,,,,,,,,,,,,,,,,,,0.0,0.0,,,,,,,,,,,,,,,,,,,,,0.0,,,,,0.0,0.0,0.0,0.0,0.0,0.0,0.0,0.0,0.0,0.0,0.0,0.0,,,,,,,,,,,,,,,,,,,,,,,,,,,,,,,,,,,,,,,,,,,,,,,,,
142,Ludwig Augustinsson,DF,28.0,0.9,,,,,,,,,,,,,,,,,,,,,,,,,,,,,,,,,,,,,,,,,,,,,,0.0,,,,,,,,,,,,,,,,,,,,,,,,,,,,,,0.0,0.0,,,,,,,,,,,,,,,,,,,,,0.0,,,,,0.0,0.0,0.0,0.0,0.0,0.0,0.0,0.0,0.0,0.0,0.0,0.0,,,,,,,,,,,,,,,,,,,,,,,,,,,,,,,,,,,,,,,,,,,,,,,,,
143,Jhon Durán,"FW,MF",18.0,1.5,,,,,,,,,,,,,,,,,,,,,,,,,,,,,,,,,,,,,,,,,,,,,,0.0,,,,,,,,,,,,,,,,,,,,,,,,,,,,,,1.0,0.0,,,,,,,,,,,,,,,,,,,,,1.0,,,,,5.0,3.31,3.0,0.0,0.0,0.0,0.0,0.0,0.0,0.0,0.0,0.0,,,,,,,,,,,,,,,,,,,,,,,,,,,,,,,,,,,,,,,,,,,,,,,,,
144,Cameron Archer,"FW,MF",21.0,0.5,,,,,,,,,,,,,,,,,,,,,,,,,,,,,,,,,,,,,,,,,,,,,,0.0,,,,,,,,,,,,,,,,,,,,,,,,,,,,,,0.0,0.0,,,,,,,,,,,,,,,,,,,,,0.0,,,,,0.0,0.0,0.0,0.0,0.0,0.0,0.0,0.0,0.0,0.0,0.0,0.0,,,,,,,,,,,,,,,,,,,,,,,,,,,,,,,,,,,,,,,,,,,,,,,,,
145,Morgan Sanson,MF,27.0,0.1,,,,,,,,,,,,,,,,,,,,,,,,,,,,,,,,,,,,,,,,,,,,,,0.0,,,,,,,,,,,,,,,,,,,,,,,,,,,,,,0.0,0.0,,,,,,,,,,,,,,,,,,,,,0.0,,,,,0.0,0.0,0.0,0.0,0.0,0.0,0.0,0.0,0.0,0.0,0.0,0.0,,,,,,,,,,,,,,,,,,,,,,,,,,,,,,,,,,,,,,,,,,,,,,,,,
146,Ezri Konsa,DF,24,36.9,,,60.0,0.0,,,,,,1681.0,1898.0,,,,,,,,,,,,,,,,,,,,,,,,,,,,,,,,,,,,4.0,4.0,,,,,,,,,,,,,,,,,,,,,,,,,,,,,,,1806.0,,,,,,,,,,,,,,,,,,14.0,,,,,,,,,,,,,,,,,,88.0,1.0,6.0,18.0,0.0,0.0,0.0,,,,,,,,,,,,,,,,,,,,,,,,,,,,,,,,,,,,,,,,,,
147,Emiliano Martínez,GK,29,34.9,,,128.0,0.0,,,,,,1026.0,1388.0,,,,,,,,,,,,,,,,,,,,,,,,,,,,,,,,,,,,5.0,0.0,,,,,,,,,,,,,,,,,,,,,,,,,,,,,,,1043.0,,,,,,,,,,,,,,,,,,1.0,,,,,,,,,,,,,,,,,,340.0,1.0,5.0,0.0,0.0,0.0,0.0,,,,,,,,,,,,,,,,,,,,,,,,,,,,,,,,,,,,,,,,,,
148,Ollie Watkins,FW,26,34.7,,,0.0,0.0,,,,,,391.0,566.0,,,,,,,,,,,,,,,,,,,,,,,,,,,,,,,,,,,,3.0,9.0,,,,,,,,,,,,,,,,,,,,,,,,,,,,,,,554.0,,,,,,,,,,,,,,,,,,13.0,,,,,,,,,,,,,,,,,,9.0,0.0,2.0,3.0,0.0,0.0,0.0,,,,,,,,,,,,,,,,,,,,,,,,,,,,,,,,,,,,,,,,,,
149,Tyrone Mings,DF,29,35.0,,,64.0,0.0,,,,,,1617.0,1899.0,,,,,,,,,,,,,,,,,,,,,,,,,,,,,,,,,,,,3.0,3.0,,,,,,,,,,,,,,,,,,,,,,,,,,,,,,,1811.0,,,,,,,,,,,,,,,,,,10.0,,,,,,,,,,,,,,,,,,85.0,1.0,15.0,6.0,0.0,0.0,0.0,,,,,,,,,,,,,,,,,,,,,,,,,,,,,,,,,,,,,,,,,,
150,Douglas Luiz,MF,24,32.5,,,120.0,89.0,,,,,,1494.0,1812.0,,,,,,,,,,,,,,,,,,,,,,,,,,,,,,,,,,,,3.0,106.0,,,,,,,,,,,,,,,,,,,,,,,,,,,,,,,1593.0,,,,,,,,,,,,,,,,,,16.0,,,,,,,,,,,,,,,,,,216.0,6.0,10.0,6.0,53.0,13.0,1.0,,,,,,,,,,,,,,,,,,,,,,,,,,,,,,,,,,,,,,,,,,
151,Jacob Ramsey,"MF,FW",21,29.3,,,2.0,0.0,,,,,,728.0,889.0,,,,,,,,,,,,,,,,,,,,,,,,,,,,,,,,,,,,6.0,18.0,,,,,,,,,,,,,,,,,,,,,,,,,,,,,,,880.0,,,,,,,,,,,,,,,,,,26.0,,,,,,,,,,,,,,,,,,3.0,3.0,3.0,1.0,0.0,0.0,0.0,,,,,,,,,,,,,,,,,,,,,,,,,,,,,,,,,,,,,,,,,,
152,John McGinn,"MF,FW",27,29.9,,,25.0,25.0,,,,,,805.0,1028.0,,,,,,,,,,,,,,,,,,,,,,,,,,,,,,,,,,,,7.0,50.0,,,,,,,,,,,,,,,,,,,,,,,,,,,,,,,965.0,,,,,,,,,,,,,,,,,,20.0,,,,,,,,,,,,,,,,,,56.0,11.0,10.0,1.0,18.0,0.0,0.0,,,,,,,,,,,,,,,,,,,,,,,,,,,,,,,,,,,,,,,,,,
153,Emi Buendía,"MF,FW",25,26.8,,,7.0,5.0,,,,,,787.0,1020.0,,,,,,,,,,,,,,,,,,,,,,,,,,,,,,,,,,,,3.0,18.0,,,,,,,,,,,,,,,,,,,,,,,,,,,,,,,954.0,,,,,,,,,,,,,,,,,,38.0,,,,,,,,,,,,,,,,,,63.0,11.0,7.0,7.0,2.0,0.0,1.0,,,,,,,,,,,,,,,,,,,,,,,,,,,,,,,,,,,,,,,,,,
154,Leon Bailey,"FW,MF",24,21.9,,,4.0,18.0,,,,,,337.0,547.0,,,,,,,,,,,,,,,,,,,,,,,,,,,,,,,,,,,,0.0,96.0,,,,,,,,,,,,,,,,,,,,,,,,,,,,,,,507.0,,,,,,,,,,,,,,,,,,31.0,,,,,,,,,,,,,,,,,,40.0,4.0,5.0,10.0,13.0,0.0,0.0,,,,,,,,,,,,,,,,,,,,,,,,,,,,,,,,,,,,,,,,,,
155,Ashley Young,DF,37,22.6,,,57.0,6.0,,,,,,897.0,1188.0,,,,,,,,,,,,,,,,,,,,,,,,,,,,,,,,,,,,8.0,42.0,,,,,,,,,,,,,,,,,,,,,,,,,,,,,,,945.0,,,,,,,,,,,,,,,,,,28.0,,,,,,,,,,,,,,,,,,235.0,2.0,12.0,172.0,2.0,1.0,2.0,,,,,,,,,,,,,,,,,,,,,,,,,,,,,,,,,,,,,,,,,,
156,Boubacar Kamara,MF,22,19.7,,,32.0,0.0,,,,,,798.0,941.0,,,,,,,,,,,,,,,,,,,,,,,,,,,,,,,,,,,,0.0,1.0,,,,,,,,,,,,,,,,,,,,,,,,,,,,,,,907.0,,,,,,,,,,,,,,,,,,20.0,,,,,,,,,,,,,,,,,,34.0,2.0,10.0,0.0,0.0,0.0,0.0,,,,,,,,,,,,,,,,,,,,,,,,,,,,,,,,,,,,,,,,,,
157,Matty Cash,DF,24,20.2,,,18.0,0.0,,,,,,777.0,1006.0,,,,,,,,,,,,,,,,,,,,,,,,,,,,,,,,,,,,3.0,46.0,,,,,,,,,,,,,,,,,,,,,,,,,,,,,,,809.0,,,,,,,,,,,,,,,,,,24.0,,,,,,,,,,,,,,,,,,194.0,2.0,6.0,176.0,0.0,0.0,0.0,,,,,,,,,,,,,,,,,,,,,,,,,,,,,,,,,,,,,,,,,,
158,Lucas Digne,DF,29,16.7,,,23.0,12.0,,,,,,696.0,927.0,,,,,,,,,,,,,,,,,,,,,,,,,,,,,,,,,,,,1.0,77.0,,,,,,,,,,,,,,,,,,,,,,,,,,,,,,,749.0,,,,,,,,,,,,,,,,,,23.0,,,,,,,,,,,,,,,,,,177.0,0.0,4.0,142.0,5.0,4.0,0.0,,,,,,,,,,,,,,,,,,,,,,,,,,,,,,,,,,,,,,,,,,
159,Álex Moreno,DF,29,14.8,,,18.0,0.0,,,,,,581.0,745.0,,,,,,,,,,,,,,,,,,,,,,,,,,,,,,,,,,,,2.0,48.0,,,,,,,,,,,,,,,,,,,,,,,,,,,,,,,609.0,,,,,,,,,,,,,,,,,,32.0,,,,,,,,,,,,,,,,,,134.0,1.0,0.0,116.0,0.0,0.0,0.0,,,,,,,,,,,,,,,,,,,,,,,,,,,,,,,,,,,,,,,,,,
160,Danny Ings,FW,30,9.2,,,0.0,0.0,,,,,,114.0,162.0,,,,,,,,,,,,,,,,,,,,,,,,,,,,,,,,,,,,0.0,4.0,,,,,,,,,,,,,,,,,,,,,,,,,,,,,,,152.0,,,,,,,,,,,,,,,,,,6.0,,,,,,,,,,,,,,,,,,10.0,4.0,0.0,0.0,0.0,0.0,0.0,,,,,,,,,,,,,,,,,,,,,,,,,,,,,,,,,,,,,,,,,,
161,Philippe Coutinho,"MF,FW",30,8.8,,,13.0,6.0,,,,,,288.0,384.0,,,,,,,,,,,,,,,,,,,,,,,,,,,,,,,,,,,,2.0,19.0,,,,,,,,,,,,,,,,,,,,,,,,,,,,,,,352.0,,,,,,,,,,,,,,,,,,7.0,,,,,,,,,,,,,,,,,,30.0,5.0,1.0,5.0,3.0,1.0,0.0,,,,,,,,,,,,,,,,,,,,,,,,,,,,,,,,,,,,,,,,,,
162,Leander Dendoncker,MF,27,7.7,,,4.0,0.0,,,,,,248.0,284.0,,,,,,,,,,,,,,,,,,,,,,,,,,,,,,,,,,,,1.0,2.0,,,,,,,,,,,,,,,,,,,,,,,,,,,,,,,278.0,,,,,,,,,,,,,,,,,,5.0,,,,,,,,,,,,,,,,,,5.0,0.0,0.0,1.0,0.0,0.0,0.0,,,,,,,,,,,,,,,,,,,,,,,,,,,,,,,,,,,,,,,,,,
163,Calum Chambers,"DF,MF",27,3.9,,,4.0,0.0,,,,,,157.0,207.0,,,,,,,,,,,,,,,,,,,,,,,,,,,,,,,,,,,,3.0,4.0,,,,,,,,,,,,,,,,,,,,,,,,,,,,,,,191.0,,,,,,,,,,,,,,,,,,1.0,,,,,,,,,,,,,,,,,,13.0,0.0,1.0,9.0,0.0,0.0,0.0,,,,,,,,,,,,,,,,,,,,,,,,,,,,,,,,,,,,,,,,,,
164,Robin Olsen,GK,32,3.1,,,12.0,0.0,,,,,,74.0,131.0,,,,,,,,,,,,,,,,,,,,,,,,,,,,,,,,,,,,2.0,0.0,,,,,,,,,,,,,,,,,,,,,,,,,,,,,,,89.0,,,,,,,,,,,,,,,,,,1.0,,,,,,,,,,,,,,,,,,40.0,0.0,1.0,0.0,0.0,0.0,0.0,,,,,,,,,,,,,,,,,,,,,,,,,,,,,,,,,,,,,,,,,,
165,Diego Carlos,DF,29,2.3,,,4.0,0.0,,,,,,112.0,142.0,,,,,,,,,,,,,,,,,,,,,,,,,,,,,,,,,,,,1.0,1.0,,,,,,,,,,,,,,,,,,,,,,,,,,,,,,,136.0,,,,,,,,,,,,,,,,,,1.0,,,,,,,,,,,,,,,,,,5.0,0.0,1.0,1.0,0.0,0.0,0.0,,,,,,,,,,,,,,,,,,,,,,,,,,,,,,,,,,,,,,,,,,
166,Bertrand Traoré,"FW,MF",26,2.6,,,0.0,1.0,,,,,,59.0,75.0,,,,,,,,,,,,,,,,,,,,,,,,,,,,,,,,,,,,1.0,5.0,,,,,,,,,,,,,,,,,,,,,,,,,,,,,,,72.0,,,,,,,,,,,,,,,,,,5.0,,,,,,,,,,,,,,,,,,2.0,0.0,2.0,1.0,1.0,0.0,0.0,,,,,,,,,,,,,,,,,,,,,,,,,,,,,,,,,,,,,,,,,,
167,Jan Bednarek,DF,26,1.1,,,2.0,0.0,,,,,,60.0,66.0,,,,,,,,,,,,,,,,,,,,,,,,,,,,,,,,,,,,0.0,0.0,,,,,,,,,,,,,,,,,,,,,,,,,,,,,,,64.0,,,,,,,,,,,,,,,,,,1.0,,,,,,,,,,,,,,,,,,2.0,0.0,0.0,0.0,0.0,0.0,0.0,,,,,,,,,,,,,,,,,,,,,,,,,,,,,,,,,,,,,,,,,,
168,Ludwig Augustinsson,DF,28,0.9,,,1.0,0.0,,,,,,26.0,43.0,,,,,,,,,,,,,,,,,,,,,,,,,,,,,,,,,,,,0.0,5.0,,,,,,,,,,,,,,,,,,,,,,,,,,,,,,,34.0,,,,,,,,,,,,,,,,,,0.0,,,,,,,,,,,,,,,,,,9.0,0.0,0.0,8.0,0.0,0.0,0.0,,,,,,,,,,,,,,,,,,,,,,,,,,,,,,,,,,,,,,,,,,
169,Jhon Durán,"FW,MF",18,1.5,,,0.0,0.0,,,,,,16.0,29.0,,,,,,,,,,,,,,,,,,,,,,,,,,,,,,,,,,,,0.0,2.0,,,,,,,,,,,,,,,,,,,,,,,,,,,,,,,26.0,,,,,,,,,,,,,,,,,,1.0,,,,,,,,,,,,,,,,,,3.0,0.0,0.0,1.0,0.0,0.0,0.0,,,,,,,,,,,,,,,,,,,,,,,,,,,,,,,,,,,,,,,,,,
170,Cameron Archer,"FW,MF",21,0.5,,,1.0,0.0,,,,,,8.0,12.0,,,,,,,,,,,,,,,,,,,,,,,,,,,,,,,,,,,,0.0,1.0,,,,,,,,,,,,,,,,,,,,,,,,,,,,,,,11.0,,,,,,,,,,,,,,,,,,1.0,,,,,,,,,,,,,,,,,,1.0,0.0,0.0,0.0,0.0,0.0,0.0,,,,,,,,,,,,,,,,,,,,,,,,,,,,,,,,,,,,,,,,,,
171,Morgan Sanson,MF,27,0.1,,,0.0,0.0,,,,,,5.0,7.0,,,,,,,,,,,,,,,,,,,,,,,,,,,,,,,,,,,,0.0,0.0,,,,,,,,,,,,,,,,,,,,,,,,,,,,,,,7.0,,,,,,,,,,,,,,,,,,0.0,,,,,,,,,,,,,,,,,,0.0,0.0,0.0,0.0,0.0,0.0,0.0,,,,,,,,,,,,,,,,,,,,,,,,,,,,,,,,,,,,,,,,,,
172,Ezri Konsa,DF,24,36.9,,,,,,,,,,1681.0,1898.0,88.6,663.0,,,,997.0,,,,,,,,,,,,,,,,,,,,,,,,,,,,,,,,,,,,,,,,,,,,,,,,,,,,,,,,,,,,,,,,,,,,30731.0,10578.0,,70.0,,,,,,,,,,,,,,,,,,,,,,,,,,,,,,,,,,608.0,91.7,938.0,94.1,120.0,202.0,59.4,0.0,1.3,0.7,-1.3,8.0,4.0,2.0,56.0,,,,,,,,,,,,,,,,,,,,,,,,,,,
173,Emiliano Martínez,GK,29,34.9,,,,,,,,,,1026.0,1388.0,73.9,219.0,,,,527.0,,,,,,,,,,,,,,,,,,,,,,,,,,,,,,,,,,,,,,,,,,,,,,,,,,,,,,,,,,,,,,,,,,,,27095.0,17857.0,,21.0,,,,,,,,,,,,,,,,,,,,,,,,,,,,,,,,,,218.0,99.5,520.0,98.7,286.0,633.0,45.2,0.0,0.3,0.3,-0.3,2.0,0.0,0.0,0.0,,,,,,,,,,,,,,,,,,,,,,,,,,,
174,Ollie Watkins,FW,26,34.7,,,,,,,,,,391.0,566.0,69.1,344.0,,,,122.0,,,,,,,,,,,,,,,,,,,,,,,,,,,,,,,,,,,,,,,,,,,,,,,,,,,,,,,,,,,,,,,,,,,,4682.0,840.0,,23.0,,,,,,,,,,,,,,,,,,,,,,,,,,,,,,,,,,261.0,75.9,84.0,68.9,12.0,15.0,80.0,6.0,3.8,2.7,2.2,31.0,16.0,2.0,39.0,,,,,,,,,,,,,,,,,,,,,,,,,,,
175,Tyrone Mings,DF,29,35.0,,,,,,,,,,1617.0,1899.0,85.2,586.0,,,,984.0,,,,,,,,,,,,,,,,,,,,,,,,,,,,,,,,,,,,,,,,,,,,,,,,,,,,,,,,,,,,,,,,,,,,30932.0,11677.0,,106.0,,,,,,,,,,,,,,,,,,,,,,,,,,,,,,,,,,532.0,90.8,913.0,92.8,153.0,286.0,53.5,2.0,1.4,0.9,0.6,5.0,6.0,0.0,111.0,,,,,,,,,,,,,,,,,,,,,,,,,,,
176,Douglas Luiz,MF,24,32.5,,,,,,,,,,1494.0,1812.0,82.5,680.0,,,,768.0,,,,,,,,,,,,,,,,,,,,,,,,,,,,,,,,,,,,,,,,,,,,,,,,,,,,,,,,,,,,,,,,,,,,26492.0,6527.0,,123.0,,,,,,,,,,,,,,,,,,,,,,,,,,,,,,,,,,613.0,90.1,665.0,86.6,158.0,277.0,57.0,6.0,4.4,2.9,1.6,45.0,19.0,4.0,148.0,,,,,,,,,,,,,,,,,,,,,,,,,,,
177,Jacob Ramsey,"MF,FW",21,29.3,,,,,,,,,,728.0,889.0,81.9,500.0,,,,266.0,,,,,,,,,,,,,,,,,,,,,,,,,,,,,,,,,,,,,,,,,,,,,,,,,,,,,,,,,,,,,,,,,,,,10240.0,2665.0,,67.0,,,,,,,,,,,,,,,,,,,,,,,,,,,,,,,,,,444.0,88.8,217.0,81.6,34.0,46.0,73.9,7.0,5.1,2.9,1.9,42.0,28.0,4.0,98.0,,,,,,,,,,,,,,,,,,,,,,,,,,,
178,John McGinn,"MF,FW",27,29.9,,,,,,,,,,805.0,1028.0,78.3,430.0,,,,373.0,,,,,,,,,,,,,,,,,,,,,,,,,,,,,,,,,,,,,,,,,,,,,,,,,,,,,,,,,,,,,,,,,,,,14385.0,4830.0,,114.0,,,,,,,,,,,,,,,,,,,,,,,,,,,,,,,,,,374.0,87.0,309.0,82.8,101.0,165.0,61.2,3.0,2.6,3.3,0.4,18.0,20.0,5.0,140.0,,,,,,,,,,,,,,,,,,,,,,,,,,,
179,Emi Buendía,"MF,FW",25,26.8,,,,,,,,,,787.0,1020.0,77.2,513.0,,,,323.0,,,,,,,,,,,,,,,,,,,,,,,,,,,,,,,,,,,,,,,,,,,,,,,,,,,,,,,,,,,,,,,,,,,,12082.0,3091.0,,84.0,,,,,,,,,,,,,,,,,,,,,,,,,,,,,,,,,,434.0,84.6,255.0,78.9,63.0,90.0,70.0,2.0,5.7,4.2,-3.7,41.0,41.0,0.0,138.0,,,,,,,,,,,,,,,,,,,,,,,,,,,
180,Leon Bailey,"FW,MF",24,21.9,,,,,,,,,,337.0,547.0,61.6,248.0,,,,154.0,,,,,,,,,,,,,,,,,,,,,,,,,,,,,,,,,,,,,,,,,,,,,,,,,,,,,,,,,,,,,,,,,,,,5379.0,1285.0,,19.0,,,,,,,,,,,,,,,,,,,,,,,,,,,,,,,,,,190.0,76.6,97.0,63.0,35.0,75.0,46.7,4.0,4.8,4.8,-0.8,30.0,21.0,15.0,28.0,,,,,,,,,,,,,,,,,,,,,,,,,,,
181,Ashley Young,DF,37,22.6,,,,,,,,,,897.0,1188.0,75.5,468.0,,,,490.0,,,,,,,,,,,,,,,,,,,,,,,,,,,,,,,,,,,,,,,,,,,,,,,,,,,,,,,,,,,,,,,,,,,,16006.0,6166.0,,82.0,,,,,,,,,,,,,,,,,,,,,,,,,,,,,,,,,,415.0,88.7,396.0,80.8,77.0,177.0,43.5,0.0,1.0,0.8,-1.0,14.0,18.0,5.0,107.0,,,,,,,,,,,,,,,,,,,,,,,,,,,
182,Boubacar Kamara,MF,22,19.7,,,,,,,,,,798.0,941.0,84.8,441.0,,,,334.0,,,,,,,,,,,,,,,,,,,,,,,,,,,,,,,,,,,,,,,,,,,,,,,,,,,,,,,,,,,,,,,,,,,,13161.0,3895.0,,61.0,,,,,,,,,,,,,,,,,,,,,,,,,,,,,,,,,,395.0,89.6,303.0,90.7,67.0,95.0,70.5,1.0,0.8,0.7,0.2,7.0,6.0,0.0,84.0,,,,,,,,,,,,,,,,,,,,,,,,,,,
183,Matty Cash,DF,24,20.2,,,,,,,,,,777.0,1006.0,77.2,384.0,,,,441.0,,,,,,,,,,,,,,,,,,,,,,,,,,,,,,,,,,,,,,,,,,,,,,,,,,,,,,,,,,,,,,,,,,,,13672.0,4595.0,,57.0,,,,,,,,,,,,,,,,,,,,,,,,,,,,,,,,,,345.0,89.8,361.0,81.9,61.0,139.0,43.9,1.0,0.7,0.9,0.3,8.0,15.0,9.0,75.0,,,,,,,,,,,,,,,,,,,,,,,,,,,
184,Lucas Digne,DF,29,16.7,,,,,,,,,,696.0,927.0,75.1,432.0,,,,337.0,,,,,,,,,,,,,,,,,,,,,,,,,,,,,,,,,,,,,,,,,,,,,,,,,,,,,,,,,,,,,,,,,,,,11016.0,4245.0,,40.0,,,,,,,,,,,,,,,,,,,,,,,,,,,,,,,,,,387.0,89.6,247.0,73.3,49.0,105.0,46.7,0.0,1.9,1.9,-1.9,18.0,23.0,14.0,57.0,,,,,,,,,,,,,,,,,,,,,,,,,,,
185,Álex Moreno,DF,29,14.8,,,,,,,,,,581.0,745.0,78.0,373.0,,,,267.0,,,,,,,,,,,,,,,,,,,,,,,,,,,,,,,,,,,,,,,,,,,,,,,,,,,,,,,,,,,,,,,,,,,,8535.0,2588.0,,15.0,,,,,,,,,,,,,,,,,,,,,,,,,,,,,,,,,,319.0,85.5,217.0,81.3,24.0,42.0,57.1,3.0,3.0,2.6,0.0,22.0,30.0,14.0,37.0,,,,,,,,,,,,,,,,,,,,,,,,,,,
186,Danny Ings,FW,30,9.2,,,,,,,,,,114.0,162.0,70.4,97.0,,,,34.0,,,,,,,,,,,,,,,,,,,,,,,,,,,,,,,,,,,,,,,,,,,,,,,,,,,,,,,,,,,,,,,,,,,,1371.0,289.0,,7.0,,,,,,,,,,,,,,,,,,,,,,,,,,,,,,,,,,76.0,78.4,27.0,79.4,3.0,12.0,25.0,0.0,1.2,0.6,-1.2,9.0,4.0,0.0,12.0,,,,,,,,,,,,,,,,,,,,,,,,,,,
187,Philippe Coutinho,"MF,FW",30,8.8,,,,,,,,,,288.0,384.0,75.0,210.0,,,,112.0,,,,,,,,,,,,,,,,,,,,,,,,,,,,,,,,,,,,,,,,,,,,,,,,,,,,,,,,,,,,,,,,,,,,4081.0,976.0,,30.0,,,,,,,,,,,,,,,,,,,,,,,,,,,,,,,,,,180.0,85.7,82.0,73.2,17.0,36.0,47.2,0.0,0.5,0.8,-0.5,8.0,8.0,2.0,48.0,,,,,,,,,,,,,,,,,,,,,,,,,,,
188,Leander Dendoncker,MF,27,7.7,,,,,,,,,,248.0,284.0,87.3,128.0,,,,121.0,,,,,,,,,,,,,,,,,,,,,,,,,,,,,,,,,,,,,,,,,,,,,,,,,,,,,,,,,,,,,,,,,,,,3948.0,809.0,,17.0,,,,,,,,,,,,,,,,,,,,,,,,,,,,,,,,,,119.0,93.0,111.0,91.7,11.0,18.0,61.1,0.0,0.5,0.1,-0.5,5.0,0.0,0.0,18.0,,,,,,,,,,,,,,,,,,,,,,,,,,,
189,Calum Chambers,"DF,MF",27,3.9,,,,,,,,,,157.0,207.0,75.8,76.0,,,,94.0,,,,,,,,,,,,,,,,,,,,,,,,,,,,,,,,,,,,,,,,,,,,,,,,,,,,,,,,,,,,,,,,,,,,2924.0,1310.0,,9.0,,,,,,,,,,,,,,,,,,,,,,,,,,,,,,,,,,66.0,86.8,77.0,81.9,14.0,31.0,45.2,0.0,0.3,0.2,-0.3,2.0,2.0,1.0,16.0,,,,,,,,,,,,,,,,,,,,,,,,,,,
190,Robin Olsen,GK,32,3.1,,,,,,,,,,74.0,131.0,56.5,18.0,,,,30.0,,,,,,,,,,,,,,,,,,,,,,,,,,,,,,,,,,,,,,,,,,,,,,,,,,,,,,,,,,,,,,,,,,,,2049.0,1522.0,,2.0,,,,,,,,,,,,,,,,,,,,,,,,,,,,,,,,,,17.0,94.4,30.0,100.0,27.0,80.0,33.8,0.0,0.0,0.0,0.0,0.0,0.0,0.0,0.0,,,,,,,,,,,,,,,,,,,,,,,,,,,
191,Diego Carlos,DF,29,2.3,,,,,,,,,,112.0,142.0,78.9,41.0,,,,71.0,,,,,,,,,,,,,,,,,,,,,,,,,,,,,,,,,,,,,,,,,,,,,,,,,,,,,,,,,,,,,,,,,,,,2338.0,881.0,,9.0,,,,,,,,,,,,,,,,,,,,,,,,,,,,,,,,,,35.0,85.4,60.0,84.5,17.0,28.0,60.7,0.0,0.0,0.1,0.0,1.0,1.0,0.0,11.0,,,,,,,,,,,,,,,,,,,,,,,,,,,
192,Bertrand Traoré,"FW,MF",26,2.6,,,,,,,,,,59.0,75.0,78.7,40.0,,,,21.0,,,,,,,,,,,,,,,,,,,,,,,,,,,,,,,,,,,,,,,,,,,,,,,,,,,,,,,,,,,,,,,,,,,,868.0,258.0,,1.0,,,,,,,,,,,,,,,,,,,,,,,,,,,,,,,,,,36.0,90.0,18.0,85.7,3.0,5.0,60.0,0.0,0.1,0.1,-0.1,1.0,5.0,3.0,9.0,,,,,,,,,,,,,,,,,,,,,,,,,,,
193,Jan Bednarek,DF,26,1.1,,,,,,,,,,60.0,66.0,90.9,17.0,,,,35.0,,,,,,,,,,,,,,,,,,,,,,,,,,,,,,,,,,,,,,,,,,,,,,,,,,,,,,,,,,,,,,,,,,,,1249.0,418.0,,4.0,,,,,,,,,,,,,,,,,,,,,,,,,,,,,,,,,,16.0,94.1,33.0,94.3,10.0,12.0,83.3,0.0,0.0,0.0,0.0,0.0,0.0,0.0,5.0,,,,,,,,,,,,,,,,,,,,,,,,,,,
194,Ludwig Augustinsson,DF,28,0.9,,,,,,,,,,26.0,43.0,60.5,16.0,,,,16.0,,,,,,,,,,,,,,,,,,,,,,,,,,,,,,,,,,,,,,,,,,,,,,,,,,,,,,,,,,,,,,,,,,,,421.0,176.0,,0.0,,,,,,,,,,,,,,,,,,,,,,,,,,,,,,,,,,13.0,81.3,10.0,62.5,2.0,8.0,25.0,0.0,0.0,0.0,0.0,0.0,0.0,0.0,0.0,,,,,,,,,,,,,,,,,,,,,,,,,,,
195,Jhon Durán,"FW,MF",18,1.5,,,,,,,,,,16.0,29.0,55.2,12.0,,,,12.0,,,,,,,,,,,,,,,,,,,,,,,,,,,,,,,,,,,,,,,,,,,,,,,,,,,,,,,,,,,,,,,,,,,,264.0,47.0,,1.0,,,,,,,,,,,,,,,,,,,,,,,,,,,,,,,,,,8.0,66.7,7.0,58.3,1.0,2.0,50.0,0.0,0.0,0.0,0.0,1.0,1.0,0.0,4.0,,,,,,,,,,,,,,,,,,,,,,,,,,,
196,Cameron Archer,"FW,MF",21,0.5,,,,,,,,,,8.0,12.0,66.7,5.0,,,,5.0,,,,,,,,,,,,,,,,,,,,,,,,,,,,,,,,,,,,,,,,,,,,,,,,,,,,,,,,,,,,,,,,,,,,108.0,44.0,,0.0,,,,,,,,,,,,,,,,,,,,,,,,,,,,,,,,,,5.0,100.0,3.0,60.0,0.0,0.0,0.0,0.0,0.0,0.0,0.0,2.0,0.0,0.0,,,,,,,,,,,,,,,,,,,,,,,,,,,,
197,Morgan Sanson,MF,27,0.1,,,,,,,,,,5.0,7.0,71.4,4.0,,,,2.0,,,,,,,,,,,,,,,,,,,,,,,,,,,,,,,,,,,,,,,,,,,,,,,,,,,,,,,,,,,,,,,,,,,,55.0,12.0,,0.0,,,,,,,,,,,,,,,,,,,,,,,,,,,,,,,,,,3.0,75.0,1.0,50.0,0.0,0.0,0.0,0.0,0.0,0.0,0.0,0.0,0.0,1.0,,,,,,,,,,,,,,,,,,,,,,,,,,,,
198,Ezri Konsa,DF,24,36.9,,,0.0,,,,,,,,,,,,,,,,,,,,,,,,,,,,,,,,,,,1.1,,,,,,,,,,,,,,,,,,,,,,,,,,,,,,,,,,,,,,,,,,,,,,,,,,,,,,,,,,,,8.0,,,,,,,,,,,,,,,,,,,,,,,,,,,,,,,,,,,,,,,0.0,0.0,0.0,0.22,0.0,0.0,8.0,0.0,0.0,1.1,0.13,-1.1,-1.1,,,,,,,,,,,,,,
199,Emiliano Martínez,GK,29,34.9,,,0.0,,,,,,,,,,,,,,,,,,,,,,,,,,,,,,,,,,,0.0,,,,,,,,,,,,,,,,,,,,,,,,,,,,,,,,,,,,,,,,,,,,,,,,,,,,,,,,,,,,0.0,,,,,,,,,,,,,,,,,,,,,,,,,,,,,,,,,,,,,,,0.0,0.0,0.0,0.0,0.0,0.0,0.0,0.0,0.0,,,,,,,,,,,,,,,,,,
200,Ollie Watkins,FW,26,34.7,,,0.0,,,,,,,,,,,,,,,,,,,,,,,,,,,,,,,,,,,2.0,,,,,,,,,,,,,,,,,,,,,,,,,,,,,,,,,,,,,,,,,,,,,,,,,,,,,,,,,,,,84.0,,,,,,,,,,,,,,,,,,,,,,,,,,,,,,,,,,,,,,,15.0,45.0,53.6,2.42,1.3,0.17,0.31,12.6,1.0,16.5,14.9,0.18,-1.5,-0.9,,,,,,,,,,,,,
201,Tyrone Mings,DF,29,35.0,,,0.0,,,,,,,,,,,,,,,,,,,,,,,,,,,,,,,,,,,0.0,,,,,,,,,,,,,,,,,,,,,,,,,,,,,,,,,,,,,,,,,,,,,,,,,,,,,,,,,,,,7.0,,,,,,,,,,,,,,,,,,,,,,,,,,,,,,,,,,,,,,,1.0,2.0,28.6,0.2,0.06,0.14,0.5,12.1,0.0,1.2,1.2,0.17,-0.2,-0.2,,,,,,,,,,,,,
202,Douglas Luiz,MF,24,32.5,,,7.0,,,,,,,,,,,,,,,,,,,,,,,,,,,,,,,,,,,0.0,,,,,,,,,,,,,,,,,,,,,,,,,,,,,,,,,,,,,,,,,,,,,,,,,,,,,,,,,,,,34.0,,,,,,,,,,,,,,,,,,,,,,,,,,,,,,,,,,,,,,,6.0,12.0,35.3,1.05,0.37,0.18,0.5,25.0,0.0,2.8,2.8,0.08,3.2,3.2,,,,,,,,,,,,,
203,Jacob Ramsey,"MF,FW",21,29.3,,,0.0,,,,,,,,,,,,,,,,,,,,,,,,,,,,,,,,,,,0.0,,,,,,,,,,,,,,,,,,,,,,,,,,,,,,,,,,,,,,,,,,,,,,,,,,,,,,,,,,,,33.0,,,,,,,,,,,,,,,,,,,,,,,,,,,,,,,,,,,,,,,6.0,13.0,39.4,1.13,0.44,0.18,0.46,15.9,0.0,5.0,5.0,0.15,1.0,1.0,,,,,,,,,,,,,
204,John McGinn,"MF,FW",27,29.9,,,0.0,,,,,,,,,,,,,,,,,,,,,,,,,,,,,,,,,,,0.0,,,,,,,,,,,,,,,,,,,,,,,,,,,,,,,,,,,,,,,,,,,,,,,,,,,,,,,,,,,,42.0,,,,,,,,,,,,,,,,,,,,,,,,,,,,,,,,,,,,,,,1.0,11.0,26.2,1.4,0.37,0.02,0.09,23.6,0.0,2.4,2.4,0.06,-1.4,-1.4,,,,,,,,,,,,,
205,Emi Buendía,"MF,FW",25,26.8,,,2.0,,,,,,,,,,,,,,,,,,,,,,,,,,,,,,,,,,,0.0,,,,,,,,,,,,,,,,,,,,,,,,,,,,,,,,,,,,,,,,,,,,,,,,,,,,,,,,,,,,49.0,,,,,,,,,,,,,,,,,,,,,,,,,,,,,,,,,,,,,,,5.0,11.0,22.4,1.83,0.41,0.1,0.45,15.9,0.0,6.3,6.3,0.13,-1.3,-1.3,,,,,,,,,,,,,
206,Leon Bailey,"FW,MF",24,21.9,,,3.0,,,,,,,,,,,,,,,,,,,,,,,,,,,,,,,,,,,0.0,,,,,,,,,,,,,,,,,,,,,,,,,,,,,,,,,,,,,,,,,,,,,,,,,,,,,,,,,,,,51.0,,,,,,,,,,,,,,,,,,,,,,,,,,,,,,,,,,,,,,,4.0,14.0,27.5,2.33,0.64,0.08,0.29,18.1,0.0,5.3,5.3,0.1,-1.3,-1.3,,,,,,,,,,,,,
207,Ashley Young,DF,37,22.6,,,0.0,,,,,,,,,,,,,,,,,,,,,,,,,,,,,,,,,,,0.0,,,,,,,,,,,,,,,,,,,,,,,,,,,,,,,,,,,,,,,,,,,,,,,,,,,,,,,,,,,,15.0,,,,,,,,,,,,,,,,,,,,,,,,,,,,,,,,,,,,,,,1.0,3.0,20.0,0.66,0.13,0.07,0.33,25.1,0.0,0.5,0.5,0.03,0.5,0.5,,,,,,,,,,,,,
208,Boubacar Kamara,MF,22,19.7,,,0.0,,,,,,,,,,,,,,,,,,,,,,,,,,,,,,,,,,,0.0,,,,,,,,,,,,,,,,,,,,,,,,,,,,,,,,,,,,,,,,,,,,,,,,,,,,,,,,,,,,4.0,,,,,,,,,,,,,,,,,,,,,,,,,,,,,,,,,,,,,,,0.0,1.0,25.0,0.2,0.05,0.0,0.0,29.7,0.0,0.2,0.2,0.05,-0.2,-0.2,,,,,,,,,,,,,
209,Matty Cash,DF,24,20.2,,,0.0,,,,,,,,,,,,,,,,,,,,,,,,,,,,,,,,,,,0.0,,,,,,,,,,,,,,,,,,,,,,,,,,,,,,,,,,,,,,,,,,,,,,,,,,,,,,,,,,,,7.0,,,,,,,,,,,,,,,,,,,,,,,,,,,,,,,,,,,,,,,0.0,1.0,14.3,0.35,0.05,0.0,0.0,26.9,0.0,0.2,0.2,0.03,-0.2,-0.2,,,,,,,,,,,,,
210,Lucas Digne,DF,29,16.7,,,4.0,,,,,,,,,,,,,,,,,,,,,,,,,,,,,,,,,,,0.0,,,,,,,,,,,,,,,,,,,,,,,,,,,,,,,,,,,,,,,,,,,,,,,,,,,,,,,,,,,,8.0,,,,,,,,,,,,,,,,,,,,,,,,,,,,,,,,,,,,,,,1.0,3.0,37.5,0.48,0.18,0.13,0.33,20.5,0.0,0.4,0.4,0.05,0.6,0.6,,,,,,,,,,,,,
211,Álex Moreno,DF,29,14.8,,,0.0,,,,,,,,,,,,,,,,,,,,,,,,,,,,,,,,,,,0.0,,,,,,,,,,,,,,,,,,,,,,,,,,,,,,,,,,,,,,,,,,,,,,,,,,,,,,,,,,,,13.0,,,,,,,,,,,,,,,,,,,,,,,,,,,,,,,,,,,,,,,0.0,3.0,23.1,0.88,0.2,0.0,0.0,18.4,0.0,0.6,0.6,0.05,-0.6,-0.6,,,,,,,,,,,,,
212,Danny Ings,FW,30,9.2,,,0.0,,,,,,,,,,,,,,,,,,,,,,,,,,,,,,,,,,,2.0,,,,,,,,,,,,,,,,,,,,,,,,,,,,,,,,,,,,,,,,,,,,,,,,,,,,,,,,,,,,25.0,,,,,,,,,,,,,,,,,,,,,,,,,,,,,,,,,,,,,,,6.0,12.0,48.0,2.73,1.31,0.16,0.33,15.5,2.0,5.3,3.8,0.15,0.7,0.2,,,,,,,,,,,,,
213,Philippe Coutinho,"MF,FW",30,8.8,,,2.0,,,,,,,,,,,,,,,,,,,,,,,,,,,,,,,,,,,0.0,,,,,,,,,,,,,,,,,,,,,,,,,,,,,,,,,,,,,,,,,,,,,,,,,,,,,,,,,,,,21.0,,,,,,,,,,,,,,,,,,,,,,,,,,,,,,,,,,,,,,,1.0,8.0,38.1,2.4,0.91,0.05,0.13,21.6,0.0,1.4,1.4,0.07,-0.4,-0.4,,,,,,,,,,,,,
214,Leander Dendoncker,MF,27,7.7,,,0.0,,,,,,,,,,,,,,,,,,,,,,,,,,,,,,,,,,,0.1,,,,,,,,,,,,,,,,,,,,,,,,,,,,,,,,,,,,,,,,,,,,,,,,,,,,,,,,,,,,2.0,,,,,,,,,,,,,,,,,,,,,,,,,,,,,,,,,,,,,,,0.0,0.0,0.0,0.26,0.0,0.0,26.9,0.0,0.0,0.1,0.03,-0.1,-0.1,,,,,,,,,,,,,,
215,Calum Chambers,"DF,MF",27,3.9,,,0.0,,,,,,,,,,,,,,,,,,,,,,,,,,,,,,,,,,,0.1,,,,,,,,,,,,,,,,,,,,,,,,,,,,,,,,,,,,,,,,,,,,,,,,,,,,,,,,,,,,2.0,,,,,,,,,,,,,,,,,,,,,,,,,,,,,,,,,,,,,,,0.0,0.0,0.0,0.51,0.0,0.0,21.6,0.0,0.0,0.1,0.06,-0.1,-0.1,,,,,,,,,,,,,,
216,Robin Olsen,GK,32,3.1,,,0.0,,,,,,,,,,,,,,,,,,,,,,,,,,,,,,,,,,,0.0,,,,,,,,,,,,,,,,,,,,,,,,,,,,,,,,,,,,,,,,,,,,,,,,,,,,,,,,,,,,0.0,,,,,,,,,,,,,,,,,,,,,,,,,,,,,,,,,,,,,,,0.0,0.0,0.0,0.0,0.0,0.0,0.0,0.0,0.0,,,,,,,,,,,,,,,,,,
217,Diego Carlos,DF,29,2.3,,,0.0,,,,,,,,,,,,,,,,,,,,,,,,,,,,,,,,,,,0.4,,,,,,,,,,,,,,,,,,,,,,,,,,,,,,,,,,,,,,,,,,,,,,,,,,,,,,,,,,,,4.0,,,,,,,,,,,,,,,,,,,,,,,,,,,,,,,,,,,,,,,0.0,0.0,0.0,1.76,0.0,0.0,15.7,0.0,0.0,0.4,0.09,-0.4,-0.4,,,,,,,,,,,,,,
218,Bertrand Traoré,"FW,MF",26,2.6,,,0.0,,,,,,,,,,,,,,,,,,,,,,,,,,,,,,,,,,,0.0,,,,,,,,,,,,,,,,,,,,,,,,,,,,,,,,,,,,,,,,,,,,,,,,,,,,,,,,,,,,9.0,,,,,,,,,,,,,,,,,,,,,,,,,,,,,,,,,,,,,,,2.0,3.0,33.3,3.48,1.16,0.22,0.67,16.4,0.0,0.7,0.7,0.08,1.3,1.3,,,,,,,,,,,,,
219,Jan Bednarek,DF,26,1.1,,,0.0,,,,,,,,,,,,,,,,,,,,,,,,,,,,,,,,,,,0.0,,,,,,,,,,,,,,,,,,,,,,,,,,,,,,,,,,,,,,,,,,,,,,,,,,,,,,,,,,,,0.0,,,,,,,,,,,,,,,,,,,,,,,,,,,,,,,,,,,,,,,0.0,0.0,0.0,0.0,0.0,0.0,0.0,0.0,0.0,,,,,,,,,,,,,,,,,,
220,Ludwig Augustinsson,DF,28,0.9,,,0.0,,,,,,,,,,,,,,,,,,,,,,,,,,,,,,,,,,,0.0,,,,,,,,,,,,,,,,,,,,,,,,,,,,,,,,,,,,,,,,,,,,,,,,,,,,,,,,,,,,2.0,,,,,,,,,,,,,,,,,,,,,,,,,,,,,,,,,,,,,,,0.0,1.0,50.0,2.34,1.17,0.0,0.0,12.7,0.0,0.1,0.1,0.04,-0.1,-0.1,,,,,,,,,,,,,
221,Jhon Durán,"FW,MF",18,1.5,,,0.0,,,,,,,,,,,,,,,,,,,,,,,,,,,,,,,,,,,0.0,,,,,,,,,,,,,,,,,,,,,,,,,,,,,,,,,,,,,,,,,,,,,,,,,,,,,,,,,,,,7.0,,,,,,,,,,,,,,,,,,,,,,,,,,,,,,,,,,,,,,,0.0,2.0,28.6,4.63,1.32,0.0,0.0,19.8,0.0,0.6,0.6,0.08,-0.6,-0.6,,,,,,,,,,,,,
222,Cameron Archer,"FW,MF",21,0.5,,,0.0,,,,,,,,,,,,,,,,,,,,,,,,,,,,,,,,,,,0.0,,,,,,,,,,,,,,,,,,,,,,,,,,,,,,,,,,,,,,,,,,,,,,,,,,,,,,,,,,,,0.0,,,,,,,,,,,,,,,,,,,,,,,,,,,,,,,,,,,,,,,0.0,0.0,0.0,0.0,0.0,0.0,0.0,0.0,0.0,,,,,,,,,,,,,,,,,,
223,Morgan Sanson,MF,27,0.1,,,0.0,,,,,,,,,,,,,,,,,,,,,,,,,,,,,,,,,,,0.0,,,,,,,,,,,,,,,,,,,,,,,,,,,,,,,,,,,,,,,,,,,,,,,,,,,,,,,,,,,,0.0,,,,,,,,,,,,,,,,,,,,,,,,,,,,,,,,,,,,,,,0.0,0.0,0.0,0.0,0.0,0.0,0.0,0.0,0.0,,,,,,,,,,,,,,,,,,
224,Ezri Konsa,DF,24,36.9,,,,,,,,,,,,,,,,,,,,,,,,,,38.0,37.0,"3,322",,,,,,,,,,0.0,,,,6.0,0.0,,,,,,,,,,,,,,,,,,,,,,,,,,,,,,,,,,,,,,,,,,,,7.0,,,,,,11.0,,,,,,,,,,,,,,,,,,,,,,,,,,,,,,,,,,,,0.0,1.3,,,,,,56.0,0.0,,,,,,,,0.0,1.1,1.1,,,,0.0,0.0,2.3,0.0,0.0,0.0,0.0,0.0,0.03,0.03,0.06,0.03,0.06
225,Emiliano Martínez,GK,29,34.9,,,,,,,,,,,,,,,,,,,,,,,,,,36.0,36.0,"3,139",,,,,,,,,,0.0,,,,7.0,0.0,,,,,,,,,,,,,,,,,,,,,,,,,,,,,,,,,,,,,,,,,,,,0.0,,,,,,0.0,,,,,,,,,,,,,,,,,,,,,,,,,,,,,,,,,,,,0.0,0.3,,,,,,0.0,0.0,,,,,,,,0.0,0.0,0.0,,,,0.0,0.0,0.3,0.0,0.0,0.0,0.0,0.0,0.0,0.01,0.01,0.0,0.01
226,Ollie Watkins,FW,26,34.7,,,,,,,,,,,,,,,,,,,,,,,,,,37.0,36.0,"3,127",,,,,,,,,,2.0,,,,4.0,0.0,,,,,,,,,,,,,,,,,,,,,,,,,,,,,,,,,,,,,,,,,,,,50.0,,,,,,196.0,,,,,,,,,,,,,,,,,,,,,,,,,,,,,,,,,,,,6.0,3.8,,,,,,39.0,15.0,,,,,,,,1.0,16.5,14.9,,,,21.0,14.0,18.7,0.43,0.17,0.6,0.4,0.58,0.47,0.11,0.58,0.43,0.54
227,Tyrone Mings,DF,29,35.0,,,,,,,,,,,,,,,,,,,,,,,,,,35.0,35.0,"3,150",,,,,,,,,,0.0,,,,7.0,0.0,,,,,,,,,,,,,,,,,,,,,,,,,,,,,,,,,,,,,,,,,,,,20.0,,,,,,7.0,,,,,,,,,,,,,,,,,,,,,,,,,,,,,,,,,,,,2.0,1.4,,,,,,111.0,1.0,,,,,,,,0.0,1.2,1.2,,,,3.0,1.0,2.6,0.03,0.06,0.09,0.03,0.09,0.03,0.04,0.07,0.03,0.07
228,Douglas Luiz,MF,24,32.5,,,,,,,,,,,,,,,,,,,,,,,,,,37.0,33.0,"2,927",,,,,,,,,,0.0,,,,6.0,1.0,,,,,,,,,,,,,,,,,,,,,,,,,,,,,,,,,,,,,,,,,,,,48.0,,,,,,35.0,,,,,,,,,,,,,,,,,,,,,,,,,,,,,,,,,,,,6.0,4.4,,,,,,148.0,6.0,,,,,,,,0.0,2.8,2.8,,,,12.0,6.0,7.2,0.18,0.18,0.37,0.18,0.37,0.09,0.14,0.22,0.09,0.22
229,Jacob Ramsey,"MF,FW",21,29.3,,,,,,,,,,,,,,,,,,,,,,,,,,35.0,31.0,"2,636",,,,,,,,,,0.0,,,,5.0,0.0,,,,,,,,,,,,,,,,,,,,,,,,,,,,,,,,,,,,,,,,,,,,94.0,,,,,,119.0,,,,,,,,,,,,,,,,,,,,,,,,,,,,,,,,,,,,7.0,5.1,,,,,,98.0,6.0,,,,,,,,0.0,5.0,5.0,,,,13.0,6.0,10.1,0.2,0.24,0.44,0.2,0.44,0.17,0.17,0.34,0.17,0.34
230,John McGinn,"MF,FW",27,29.9,,,,,,,,,,,,,,,,,,,,,,,,,,34.0,30.0,"2,693",,,,,,,,,,0.0,,,,7.0,0.0,,,,,,,,,,,,,,,,,,,,,,,,,,,,,,,,,,,,,,,,,,,,34.0,,,,,,66.0,,,,,,,,,,,,,,,,,,,,,,,,,,,,,,,,,,,,3.0,2.6,,,,,,140.0,1.0,,,,,,,,0.0,2.4,2.4,,,,4.0,1.0,5.0,0.03,0.1,0.13,0.03,0.13,0.08,0.09,0.17,0.08,0.17
231,Emi Buendía,"MF,FW",25,26.8,,,,,,,,,,,,,,,,,,,,,,,,,,38.0,27.0,"2,412",,,,,,,,,,0.0,,,,0.0,0.0,,,,,,,,,,,,,,,,,,,,,,,,,,,,,,,,,,,,,,,,,,,,60.0,,,,,,137.0,,,,,,,,,,,,,,,,,,,,,,,,,,,,,,,,,,,,2.0,5.7,,,,,,138.0,5.0,,,,,,,,0.0,6.3,6.3,,,,7.0,5.0,12.0,0.19,0.07,0.26,0.19,0.26,0.24,0.21,0.45,0.24,0.45
232,Leon Bailey,"FW,MF",24,21.9,,,,,,,,,,,,,,,,,,,,,,,,,,33.0,26.0,"1,967",,,,,,,,,,0.0,,,,4.0,0.0,,,,,,,,,,,,,,,,,,,,,,,,,,,,,,,,,,,,,,,,,,,,85.0,,,,,,182.0,,,,,,,,,,,,,,,,,,,,,,,,,,,,,,,,,,,,4.0,4.8,,,,,,28.0,4.0,,,,,,,,0.0,5.3,5.3,,,,8.0,4.0,10.1,0.18,0.18,0.37,0.18,0.37,0.24,0.22,0.46,0.24,0.46
233,Ashley Young,DF,37,22.6,,,,,,,,,,,,,,,,,,,,,,,,,,29.0,23.0,"2,036",,,,,,,,,,0.0,,,,7.0,0.0,,,,,,,,,,,,,,,,,,,,,,,,,,,,,,,,,,,,,,,,,,,,29.0,,,,,,33.0,,,,,,,,,,,,,,,,,,,,,,,,,,,,,,,,,,,,0.0,1.0,,,,,,107.0,1.0,,,,,,,,0.0,0.5,0.5,,,,1.0,1.0,1.4,0.04,0.0,0.04,0.04,0.04,0.02,0.04,0.06,0.02,0.06
234,Boubacar Kamara,MF,22,19.7,,,,,,,,,,,,,,,,,,,,,,,,,,24.0,21.0,"1,777",,,,,,,,,,0.0,,,,4.0,0.0,,,,,,,,,,,,,,,,,,,,,,,,,,,,,,,,,,,,,,,,,,,,16.0,,,,,,8.0,,,,,,,,,,,,,,,,,,,,,,,,,,,,,,,,,,,,1.0,0.8,,,,,,84.0,0.0,,,,,,,,0.0,0.2,0.2,,,,1.0,0.0,1.0,0.0,0.05,0.05,0.0,0.05,0.01,0.04,0.05,0.01,0.05
235,Matty Cash,DF,24,20.2,,,,,,,,,,,,,,,,,,,,,,,,,,26.0,20.0,"1,820",,,,,,,,,,0.0,,,,4.0,0.0,,,,,,,,,,,,,,,,,,,,,,,,,,,,,,,,,,,,,,,,,,,,42.0,,,,,,57.0,,,,,,,,,,,,,,,,,,,,,,,,,,,,,,,,,,,,1.0,0.7,,,,,,75.0,0.0,,,,,,,,0.0,0.2,0.2,,,,1.0,0.0,0.9,0.0,0.05,0.05,0.0,0.05,0.01,0.04,0.05,0.01,0.05
236,Lucas Digne,DF,29,16.7,,,,,,,,,,,,,,,,,,,,,,,,,,28.0,18.0,"1,502",,,,,,,,,,0.0,,,,5.0,0.0,,,,,,,,,,,,,,,,,,,,,,,,,,,,,,,,,,,,,,,,,,,,29.0,,,,,,89.0,,,,,,,,,,,,,,,,,,,,,,,,,,,,,,,,,,,,0.0,1.9,,,,,,57.0,1.0,,,,,,,,0.0,0.4,0.4,,,,1.0,1.0,2.3,0.06,0.0,0.06,0.06,0.06,0.02,0.11,0.14,0.02,0.14
237,Álex Moreno,DF,29,14.8,,,,,,,,,,,,,,,,,,,,,,,,,,19.0,14.0,"1,329",,,,,,,,,,0.0,,,,3.0,0.0,,,,,,,,,,,,,,,,,,,,,,,,,,,,,,,,,,,,,,,,,,,,65.0,,,,,,122.0,,,,,,,,,,,,,,,,,,,,,,,,,,,,,,,,,,,,3.0,3.0,,,,,,37.0,0.0,,,,,,,,0.0,0.6,0.6,,,,3.0,0.0,3.7,0.0,0.2,0.2,0.0,0.2,0.04,0.21,0.25,0.04,0.25
238,Danny Ings,FW,30,9.2,,,,,,,,,,,,,,,,,,,,,,,,,,18.0,8.0,824,,,,,,,,,,2.0,,,,3.0,0.0,,,,,,,,,,,,,,,,,,,,,,,,,,,,,,,,,,,,,,,,,,,,15.0,,,,,,46.0,,,,,,,,,,,,,,,,,,,,,,,,,,,,,,,,,,,,0.0,1.2,,,,,,12.0,6.0,,,,,,,,2.0,5.3,3.8,,,,6.0,4.0,5.0,0.66,0.0,0.66,0.44,0.44,0.59,0.13,0.71,0.41,0.54
239,Philippe Coutinho,"MF,FW",30,8.8,,,,,,,,,,,,,,,,,,,,,,,,,,20.0,7.0,788,,,,,,,,,,0.0,,,,3.0,0.0,,,,,,,,,,,,,,,,,,,,,,,,,,,,,,,,,,,,,,,,,,,,18.0,,,,,,68.0,,,,,,,,,,,,,,,,,,,,,,,,,,,,,,,,,,,,0.0,0.5,,,,,,48.0,1.0,,,,,,,,0.0,1.4,1.4,,,,1.0,1.0,1.8,0.11,0.0,0.11,0.11,0.11,0.16,0.05,0.21,0.16,0.21
240,Leander Dendoncker,MF,27,7.7,,,,,,,,,,,,,,,,,,,,,,,,,,20.0,7.0,697,,,,,,,,,,0.0,,,,0.0,0.0,,,,,,,,,,,,,,,,,,,,,,,,,,,,,,,,,,,,,,,,,,,,1.0,,,,,,2.0,,,,,,,,,,,,,,,,,,,,,,,,,,,,,,,,,,,,0.0,0.5,,,,,,18.0,0.0,,,,,,,,0.0,0.1,0.1,,,,0.0,0.0,0.5,0.0,0.0,0.0,0.0,0.0,0.01,0.06,0.07,0.01,0.07
241,Calum Chambers,"DF,MF",27,3.9,,,,,,,,,,,,,,,,,,,,,,,,,,14.0,2.0,353,,,,,,,,,,0.0,,,,2.0,0.0,,,,,,,,,,,,,,,,,,,,,,,,,,,,,,,,,,,,,,,,,,,,6.0,,,,,,2.0,,,,,,,,,,,,,,,,,,,,,,,,,,,,,,,,,,,,0.0,0.3,,,,,,16.0,0.0,,,,,,,,0.0,0.1,0.1,,,,0.0,0.0,0.4,0.0,0.0,0.0,0.0,0.0,0.03,0.07,0.1,0.03,0.1
242,Robin Olsen,GK,32,3.1,,,,,,,,,,,,,,,,,,,,,,,,,,4.0,2.0,281,,,,,,,,,,0.0,,,,0.0,0.0,,,,,,,,,,,,,,,,,,,,,,,,,,,,,,,,,,,,,,,,,,,,0.0,,,,,,0.0,,,,,,,,,,,,,,,,,,,,,,,,,,,,,,,,,,,,0.0,0.0,,,,,,0.0,0.0,,,,,,,,0.0,0.0,0.0,,,,0.0,0.0,0.0,0.0,0.0,0.0,0.0,0.0,0.0,0.0,0.0,0.0,0.0
243,Diego Carlos,DF,29,2.3,,,,,,,,,,,,,,,,,,,,,,,,,,3.0,2.0,205,,,,,,,,,,0.0,,,,0.0,0.0,,,,,,,,,,,,,,,,,,,,,,,,,,,,,,,,,,,,,,,,,,,,1.0,,,,,,0.0,,,,,,,,,,,,,,,,,,,,,,,,,,,,,,,,,,,,0.0,0.0,,,,,,11.0,0.0,,,,,,,,0.0,0.4,0.4,,,,0.0,0.0,0.4,0.0,0.0,0.0,0.0,0.0,0.16,0.02,0.18,0.16,0.18
244,Bertrand Traoré,"FW,MF",26,2.6,,,,,,,,,,,,,,,,,,,,,,,,,,8.0,1.0,233,,,,,,,,,,0.0,,,,1.0,0.0,,,,,,,,,,,,,,,,,,,,,,,,,,,,,,,,,,,,,,,,,,,,9.0,,,,,,28.0,,,,,,,,,,,,,,,,,,,,,,,,,,,,,,,,,,,,0.0,0.1,,,,,,9.0,2.0,,,,,,,,0.0,0.7,0.7,,,,2.0,2.0,0.8,0.77,0.0,0.77,0.77,0.77,0.28,0.03,0.3,0.28,0.3
245,Jan Bednarek,DF,26,1.1,,,,,,,,,,,,,,,,,,,,,,,,,,3.0,1.0,100,,,,,,,,,,0.0,,,,0.0,0.0,,,,,,,,,,,,,,,,,,,,,,,,,,,,,,,,,,,,,,,,,,,,1.0,,,,,,0.0,,,,,,,,,,,,,,,,,,,,,,,,,,,,,,,,,,,,0.0,0.0,,,,,,5.0,0.0,,,,,,,,0.0,0.0,0.0,,,,0.0,0.0,0.0,0.0,0.0,0.0,0.0,0.0,0.0,0.0,0.0,0.0,0.0
246,Ludwig Augustinsson,DF,28,0.9,,,,,,,,,,,,,,,,,,,,,,,,,,3.0,1.0,77,,,,,,,,,,0.0,,,,1.0,0.0,,,,,,,,,,,,,,,,,,,,,,,,,,,,,,,,,,,,,,,,,,,,0.0,,,,,,3.0,,,,,,,,,,,,,,,,,,,,,,,,,,,,,,,,,,,,0.0,0.0,,,,,,0.0,0.0,,,,,,,,0.0,0.1,0.1,,,,0.0,0.0,0.1,0.0,0.0,0.0,0.0,0.0,0.1,0.0,0.1,0.1,0.1
247,Jhon Durán,"FW,MF",18,1.5,,,,,,,,,,,,,,,,,,,,,,,,,,12.0,0.0,136,,,,,,,,,,0.0,,,,1.0,0.0,,,,,,,,,,,,,,,,,,,,,,,,,,,,,,,,,,,,,,,,,,,,4.0,,,,,,13.0,,,,,,,,,,,,,,,,,,,,,,,,,,,,,,,,,,,,0.0,0.0,,,,,,4.0,0.0,,,,,,,,0.0,0.6,0.6,,,,0.0,0.0,0.6,0.0,0.0,0.0,0.0,0.0,0.37,0.02,0.39,0.37,0.39
248,Cameron Archer,"FW,MF",21,0.5,,,,,,,,,,,,,,,,,,,,,,,,,,6.0,0.0,49,,,,,,,,,,0.0,,,,0.0,0.0,,,,,,,,,,,,,,,,,,,,,,,,,,,,,,,,,,,,,,,,,,,,3.0,,,,,,3.0,,,,,,,,,,,,,,,,,,,,,,,,,,,,,,,,,,,,0.0,0.0,,,,,,0.0,0.0,,,,,,,,0.0,0.0,0.0,,,,0.0,0.0,0.0,0.0,0.0,0.0,0.0,0.0,0.0,0.0,0.0,0.0,0.0
249,Morgan Sanson,MF,27,0.1,,,,,,,,,,,,,,,,,,,,,,,,,,2.0,0.0,11,,,,,,,,,,0.0,,,,0.0,0.0,,,,,,,,,,,,,,,,,,,,,,,,,,,,,,,,,,,,,,,,,,,,0.0,,,,,,0.0,,,,,,,,,,,,,,,,,,,,,,,,,,,,,,,,,,,,0.0,0.0,,,,,,1.0,0.0,,,,,,,,0.0,0.0,0.0,,,,0.0,0.0,0.0,0.0,0.0,0.0,0.0,0.0,0.0,0.0,0.0,0.0,0.0
250,Lamare Bogarde,"DF,MF",18,,,,,,,,,,,,,,,,,,,,,,,,,,,0.0,0.0,,,,,,,,,,,,,,,,,,,,,,,,,,,,,,,,,,,,,,,,,,,,,,,,,,,,,,,,,,,,,,,,,,,,,,,,,,,,,,,,,,,,,,,,,,,,,,,,,,,,,,,,,,,,,,,,,,,,,,,,,,,,,,,,,,,,,,,,
251,Tim Iroegbunam,MF,19,,,,,,,,,,,,,,,,,,,,,,,,,,,0.0,0.0,,,,,,,,,,,,,,,,,,,,,,,,,,,,,,,,,,,,,,,,,,,,,,,,,,,,,,,,,,,,,,,,,,,,,,,,,,,,,,,,,,,,,,,,,,,,,,,,,,,,,,,,,,,,,,,,,,,,,,,,,,,,,,,,,,,,,,,,
252,Filip Marshall,GK,19,,,,,,,,,,,,,,,,,,,,,,,,,,,0.0,0.0,,,,,,,,,,,,,,,,,,,,,,,,,,,,,,,,,,,,,,,,,,,,,,,,,,,,,,,,,,,,,,,,,,,,,,,,,,,,,,,,,,,,,,,,,,,,,,,,,,,,,,,,,,,,,,,,,,,,,,,,,,,,,,,,,,,,,,,,
253,Marvelous Nakamba,MF,28,,,,,,,,,,,,,,,,,,,,,,,,,,,0.0,0.0,,,,,,,,,,,,,,,,,,,,,,,,,,,,,,,,,,,,,,,,,,,,,,,,,,,,,,,,,,,,,,,,,,,,,,,,,,,,,,,,,,,,,,,,,,,,,,,,,,,,,,,,,,,,,,,,,,,,,,,,,,,,,,,,,,,,,,,,
254,Tommi O'Reilly,MF,18,,,,,,,,,,,,,,,,,,,,,,,,,,,0.0,0.0,,,,,,,,,,,,,,,,,,,,,,,,,,,,,,,,,,,,,,,,,,,,,,,,,,,,,,,,,,,,,,,,,,,,,,,,,,,,,,,,,,,,,,,,,,,,,,,,,,,,,,,,,,,,,,,,,,,,,,,,,,,,,,,,,,,,,,,,
255,Travis Patterson,MF,16,,,,,,,,,,,,,,,,,,,,,,,,,,,0.0,0.0,,,,,,,,,,,,,,,,,,,,,,,,,,,,,,,,,,,,,,,,,,,,,,,,,,,,,,,,,,,,,,,,,,,,,,,,,,,,,,,,,,,,,,,,,,,,,,,,,,,,,,,,,,,,,,,,,,,,,,,,,,,,,,,,,,,,,,,,
256,Seb Revan,DF,19,,,,,,,,,,,,,,,,,,,,,,,,,,,0.0,0.0,,,,,,,,,,,,,,,,,,,,,,,,,,,,,,,,,,,,,,,,,,,,,,,,,,,,,,,,,,,,,,,,,,,,,,,,,,,,,,,,,,,,,,,,,,,,,,,,,,,,,,,,,,,,,,,,,,,,,,,,,,,,,,,,,,,,,,,,
257,Viljami Sinisalo,GK,20,,,,,,,,,,,,,,,,,,,,,,,,,,,0.0,0.0,,,,,,,,,,,,,,,,,,,,,,,,,,,,,,,,,,,,,,,,,,,,,,,,,,,,,,,,,,,,,,,,,,,,,,,,,,,,,,,,,,,,,,,,,,,,,,,,,,,,,,,,,,,,,,,,,,,,,,,,,,,,,,,,,,,,,,,,
258,Sil Swinkels,DF,18,,,,,,,,,,,,,,,,,,,,,,,,,,,0.0,0.0,,,,,,,,,,,,,,,,,,,,,,,,,,,,,,,,,,,,,,,,,,,,,,,,,,,,,,,,,,,,,,,,,,,,,,,,,,,,,,,,,,,,,,,,,,,,,,,,,,,,,,,,,,,,,,,,,,,,,,,,,,,,,,,,,,,,,,,,
259,James Wright,GK,17,,,,,,,,,,,,,,,,,,,,,,,,,,,0.0,0.0,,,,,,,,,,,,,,,,,,,,,,,,,,,,,,,,,,,,,,,,,,,,,,,,,,,,,,,,,,,,,,,,,,,,,,,,,,,,,,,,,,,,,,,,,,,,,,,,,,,,,,,,,,,,,,,,,,,,,,,,,,,,,,,,,,,,,,,,
260,Kadan Young,MF,16,,,,,,,,,,,,,,,,,,,,,,,,,,,0.0,0.0,,,,,,,,,,,,,,,,,,,,,,,,,,,,,,,,,,,,,,,,,,,,,,,,,,,,,,,,,,,,,,,,,,,,,,,,,,,,,,,,,,,,,,,,,,,,,,,,,,,,,,,,,,,,,,,,,,,,,,,,,,,,,,,,,,,,,,,,
261,Oliwier Zych,GK,18,,,,,,,,,,,,,,,,,,,,,,,,,,,0.0,0.0,,,,,,,,,,,,,,,,,,,,,,,,,,,,,,,,,,,,,,,,,,,,,,,,,,,,,,,,,,,,,,,,,,,,,,,,,,,,,,,,,,,,,,,,,,,,,,,,,,,,,,,,,,,,,,,,,,,,,,,,,,,,,,,,,,,,,,,,
